,userId,date,endInput,sleep,sleepProblem,dream,amCondition,amEmotion,pmEmotion,pmStress,pmFatigue,caffeine,cAmount(ml),alcohol,aAmount(ml)
0,user01,2020-08-30,2020-08-31 8:43,3.0,6.0,2.0,3.0,3.0,4.0,2.0,4.0,,-1.0,,-1.0
1,user01,2020-08-31,2020-09-01 10:18,2.0,3.0,2.0,2.0,3.0,4.0,3.0,2.0,coffee,250.0,,-1.0
2,user01,2020-09-01,2020-09-02 10:35,2.0,3.0,4.0,2.0,3.0,4.0,3.0,2.0,coffee,1000.0,,-1.0
3,user01,2020-09-02,2020-09-03 11:04,3.0,3.0,2.0,2.0,3.0,4.0,3.0,4.0,coffee,500.0,,-1.0
4,user01,2020-09-03,2020-09-04 12:33,4.0,3.0,2.0,3.0,3.0,2.0,2.0,2.0,coffee,1000.0,not specified,1000.0
5,user01,2020-09-04,2020-09-05 10:25,3.0,3.0,4.0,2.0,3.0,4.0,2.0,2.0,coffee,500.0,not specified,500.0
6,user01,2020-09-05,2020-09-06 10:44,3.0,7.0,1.0,3.0,3.0,4.0,4.0,2.0,coffee,1000.0,not specified,1000.0
7,user01,2020-09-06,2020-09-07 10:28,2.0,3.0,2.0,2.0,5.0,5.0,2.0,4.0,coffee,1000.0,not specified,1000.0
8,user01,2020-09-07,2020-09-08 10:45,4.0,3.0,2.0,3.0,4.0,4.0,4.0,2.0,coffee,500.0,,-1.0
9,user01,2020-09-08,2020-09-09 10:09,2.0,7.0,1.0,3.0,3.0,5.0,4.0,2.0,coffee,1500.0,not specified,1500.0
10,user01,2020-09-09,2020-09-10 13:02,1.0,3.0,2.0,2.0,4.0,4.0,4.0,4.0,coffee,500.0,not specified,500.0
11,user01,2020-09-10,2020-09-11 10:17,3.0,3.0,1.0,2.0,3.0,5.0,4.0,2.0,coffee,1000.0,not specified,1000.0
12,user01,2020-09-11,2020-09-13 0:34,4.0,0.0,4.0,4.0,4.0,4.0,2.0,2.0,,-1.0,,-1.0
13,user01,2020-09-12,2020-09-13 13:50,2.0,3.0,4.0,2.0,3.0,4.0,4.0,4.0,,-1.0,,-1.0
14,user01,2020-09-13,2020-09-14 11:31,2.0,3.0,2.0,3.0,3.0,4.0,4.0,2.0,,-1.0,,-1.0
15,user01,2020-09-14,2020-09-15 14:38,4.0,3.0,2.0,3.0,3.0,5.0,2.0,4.0,coffee,1500.0,not specified,1500.0
16,user01,2020-09-15,2020-09-16 10:12,2.0,7.0,1.0,2.0,4.0,3.0,2.0,4.0,,-1.0,,-1.0
17,user01,2020-09-16,2020-09-18 1:16,3.0,3.0,2.0,4.0,3.0,4.0,4.0,4.0,coffee,1000.0,not specified,1000.0
18,user01,2020-09-17,2020-09-18 14:30,4.0,0.0,4.0,4.0,4.0,4.0,4.0,2.0,,-1.0,,-1.0
19,user01,2020-09-18,2020-09-19 13:40,2.0,0.0,4.0,2.0,3.0,5.0,2.0,2.0,,-1.0,,-1.0
20,user01,2020-09-19,2020-09-20 10:40,3.0,3.0,1.0,2.0,2.0,4.0,2.0,3.0,coffee,1000.0,not specified,1000.0
21,user01,2020-09-20,2020-09-22 0:10,3.0,0.0,1.0,3.0,3.0,4.0,2.0,2.0,coffee,500.0,not specified,500.0
22,user01,2020-09-21,2020-09-23 12:33,4.0,0.0,3.0,4.0,4.0,3.0,2.0,4.0,coffee,500.0,not specified,500.0
23,user01,2020-09-23,2020-09-25 0:43,2.0,3.0,1.0,1.0,3.0,4.0,4.0,4.0,coffee,1000.0,,-1.0
24,user01,2020-09-24,2020-09-25 12:00,2.0,3.0,4.0,2.0,3.0,4.0,4.0,1.0,coffee,1000.0,,-1.0
25,user01,2020-09-25,2020-09-26 11:05,2.0,2.0,4.0,1.0,2.0,5.0,4.0,4.0,,-1.0,,-1.0
26,user01,2020-09-26,2020-09-27 10:20,1.0,1.0,4.0,1.0,2.0,4.0,4.0,4.0,,-1.0,,-1.0
27,user02,2020-08-31,2020-09-01 7:18,3.0,0.0,4.0,1.0,2.0,3.0,2.0,1.0,coffee,1000.0,soju&beer,500.0
28,user02,2020-09-01,2020-09-02 7:40,3.0,5.0,2.0,1.0,2.0,3.0,2.0,1.0,coffee,1000.0,,-1.0
29,user02,2020-09-02,2020-09-03 7:35,4.0,5.0,4.0,1.0,3.0,3.0,1.0,1.0,coffee,500.0,,-1.0
30,user02,2020-09-03,2020-09-04 7:35,3.0,1.0,2.0,1.0,2.0,3.0,1.0,1.0,coffee,500.0,,-1.0
31,user02,2020-09-04,2020-09-05 10:37,4.0,0.0,4.0,3.0,3.0,4.0,2.0,2.0,coffee,1000.0,,-1.0
32,user02,2020-09-05,2020-09-06 11:15,5.0,0.0,4.0,4.0,3.0,4.0,4.0,3.0,coffee,500.0,,-1.0
33,user02,2020-09-06,2020-09-07 8:14,4.0,1.0,4.0,2.0,3.0,4.0,5.0,4.0,,-1.0,,-1.0
34,user02,2020-09-07,2020-09-08 7:58,2.0,0.0,2.0,2.0,3.0,3.0,2.0,2.0,coffee,500.0,,-1.0
35,user02,2020-09-08,2020-09-09 7:55,3.0,0.0,2.0,1.0,1.0,2.0,1.0,1.0,coffee,500.0,,-1.0
36,user02,2020-09-09,2020-09-10 7:36,4.0,0.0,2.0,1.0,2.0,2.0,1.0,1.0,coffee,1500.0,,-1.0
37,user02,2020-09-10,2020-09-11 7:52,2.0,0.0,2.0,1.0,1.0,1.0,1.0,1.0,coffee,1000.0,,-1.0
38,user02,2020-09-11,2020-09-12 22:39,4.0,0.0,2.0,3.0,3.0,3.0,1.0,1.0,coffee,1500.0,,-1.0
39,user02,2020-09-12,2020-09-13 11:11,3.0,0.0,2.0,3.0,3.0,4.0,4.0,4.0,,-1.0,,-1.0
40,user02,2020-09-13,2020-09-14 7:51,3.0,0.0,2.0,2.0,3.0,3.0,2.0,2.0,,-1.0,,-1.0
41,user02,2020-09-14,2020-09-15 8:32,3.0,0.0,2.0,2.0,3.0,3.0,2.0,2.0,coffee,500.0,,-1.0
42,user02,2020-09-15,2020-09-16 8:00,3.0,0.0,2.0,1.0,1.0,2.0,1.0,1.0,coffee,500.0,,-1.0
43,user02,2020-09-16,2020-09-17 8:11,3.0,0.0,2.0,1.0,3.0,3.0,1.0,1.0,coffee,500.0,,-1.0
44,user02,2020-09-17,2020-09-18 8:37,3.0,7.0,1.0,2.0,2.0,3.0,1.0,2.0,coffee,1000.0,,-1.0
45,user02,2020-09-18,2020-09-19 8:49,3.0,7.0,2.0,2.0,3.0,4.0,2.0,2.0,coffee,500.0,soju&beer,1000.0
46,user02,2020-09-19,2020-09-20 22:58,4.0,0.0,2.0,3.0,3.0,4.0,4.0,2.0,,-1.0,soju,500.0
47,user02,2020-09-20,2020-09-21 8:15,4.0,0.0,2.0,2.0,3.0,3.0,4.0,2.0,,-1.0,,-1.0
48,user02,2020-09-21,2020-09-22 7:58,4.0,0.0,2.0,3.0,3.0,3.0,2.0,2.0,coffee,500.0,,-1.0
49,user02,2020-09-22,2020-09-23 7:48,3.0,0.0,2.0,2.0,3.0,3.0,2.0,2.0,coffee,500.0,beer,1000.0
50,user02,2020-09-23,2020-09-24 8:47,3.0,0.0,4.0,1.0,3.0,4.0,2.0,2.0,coffee,500.0,soju,1500.0
51,user02,2020-09-24,2020-09-25 22:12,3.0,0.0,2.0,2.0,3.0,3.0,1.0,1.0,coffee,1000.0,,-1.0
52,user02,2020-09-25,2020-09-26 9:57,4.0,0.0,2.0,2.0,3.0,4.0,2.0,2.0,coffee,1500.0,,-1.0
53,user02,2020-09-26,2020-09-27 11:04,4.0,0.0,2.0,4.0,3.0,4.0,4.0,2.0,,-1.0,soju,300.0
54,user03,2020-08-29,2020-08-30 13:10,4.0,0.0,2.0,2.0,3.0,4.0,4.0,2.0,,-1.0,beer,1000.0
55,user03,2020-08-30,2020-08-31 11:21,1.0,1.0,4.0,1.0,2.0,3.0,5.0,2.0,coffee,300.0,,-1.0
56,user03,2020-08-31,2020-09-01 13:36,1.0,0.0,2.0,2.0,3.0,3.0,2.0,3.0,,-1.0,,-1.0
57,user03,2020-09-01,2020-09-02 11:48,4.0,0.0,3.0,3.0,3.0,3.0,4.0,3.0,,-1.0,,-1.0
58,user03,2020-09-02,2020-09-03 11:22,2.0,7.0,1.0,2.0,2.0,4.0,5.0,2.0,,-1.0,beer,355.0
59,user03,2020-09-03,2020-09-04 11:48,1.0,2.0,2.0,1.0,2.0,4.0,3.0,3.0,,-1.0,beer,1000.0
60,user03,2020-09-04,2020-09-05 11:52,2.0,0.0,2.0,2.0,3.0,3.0,2.0,1.0,,-1.0,,-1.0
61,user03,2020-09-05,2020-09-06 15:21,2.0,2.0,2.0,2.0,2.0,3.0,5.0,3.0,,-1.0,,-1.0
62,user03,2020-09-06,2020-09-07 12:51,2.0,2.0,2.0,1.0,2.0,3.0,4.0,2.0,coffee,300.0,,-1.0
63,user03,2020-09-07,2020-09-08 13:54,2.0,1.0,2.0,2.0,3.0,3.0,4.0,2.0,,-1.0,,-1.0
64,user03,2020-09-08,2020-09-09 9:11,2.0,2.0,2.0,3.0,2.0,4.0,3.0,3.0,,-1.0,beer,1000.0
65,user03,2020-09-09,2020-09-10 11:38,4.0,0.0,2.0,2.0,4.0,4.0,4.0,2.0,,-1.0,,-1.0
66,user03,2020-09-10,2020-09-11 11:55,3.0,0.0,3.0,4.0,3.0,3.0,2.0,3.0,,-1.0,beer,1500.0
67,user03,2020-09-11,2020-09-12 23:54,2.0,2.0,2.0,2.0,3.0,3.0,5.0,2.0,,-1.0,,-1.0
68,user03,2020-09-12,2020-09-13 11:47,1.0,2.0,2.0,1.0,2.0,3.0,5.0,3.0,,-1.0,beer,1000.0
69,user03,2020-09-13,2020-09-14 10:52,4.0,0.0,4.0,2.0,3.0,4.0,5.0,2.0,,-1.0,,-1.0
70,user03,2020-09-14,2020-09-15 10:59,4.0,5.0,2.0,2.0,3.0,4.0,3.0,2.0,coffee,600.0,,-1.0
71,user03,2020-09-15,2020-09-16 10:55,1.0,2.0,1.0,1.0,2.0,3.0,2.0,1.0,,-1.0,beer,3000.0
72,user03,2020-09-16,2020-09-17 12:43,3.0,0.0,2.0,2.0,3.0,2.0,4.0,1.0,,-1.0,,-1.0
73,user03,2020-09-17,2020-09-18 11:54,3.0,0.0,2.0,2.0,3.0,3.0,3.0,2.0,,-1.0,,-1.0
74,user03,2020-09-18,2020-09-19 10:14,3.0,0.0,2.0,2.0,3.0,3.0,4.0,2.0,coffee,300.0,beer,20000.0
75,user03,2020-09-19,2020-09-20 11:55,4.0,2.0,2.0,2.0,3.0,4.0,4.0,2.0,coffee,500.0,beer,800.0
76,user03,2020-09-20,2020-09-21 11:39,1.0,2.0,4.0,1.0,2.0,4.0,4.0,2.0,coffee,400.0,,-1.0
77,user03,2020-09-21,2020-09-22 8:19,3.0,0.0,2.0,1.0,3.0,4.0,5.0,2.0,coffee,300.0,,-1.0
78,user03,2020-09-22,2020-09-23 8:12,4.0,0.0,2.0,1.0,3.0,4.0,2.0,1.0,coffee,400.0,,-1.0
79,user03,2020-09-23,2020-09-24 8:17,4.0,0.0,4.0,2.0,3.0,2.0,2.0,2.0,coffee,500.0,,-1.0
80,user03,2020-09-24,2020-09-25 11:57,4.0,0.0,4.0,2.0,4.0,4.0,2.0,1.0,coffee,400.0,,-1.0
81,user03,2020-09-25,2020-09-26 11:59,4.0,0.0,2.0,1.0,3.0,3.0,2.0,1.0,,-1.0,soju,450.0
82,user03,2020-09-26,2020-09-27 14:41,4.0,0.0,2.0,2.0,3.0,3.0,4.0,1.0,,-1.0,,-1.0
83,user04,2020-08-31,2020-09-01 7:15,2.0,2.0,2.0,2.0,3.0,4.0,2.0,2.0,,-1.0,,-1.0
84,user04,2020-09-01,2020-09-02 8:01,3.0,2.0,4.0,4.0,3.0,4.0,2.0,2.0,,-1.0,,-1.0
85,user04,2020-09-02,2020-09-03 7:36,2.0,7.0,1.0,3.0,3.0,4.0,3.0,4.0,,-1.0,,-1.0
86,user04,2020-09-03,2020-09-04 8:55,3.0,2.0,4.0,4.0,4.0,4.0,2.0,3.0,,-1.0,,-1.0
87,user04,2020-09-04,2020-09-05 8:13,4.0,3.0,2.0,4.0,4.0,4.0,4.0,4.0,,-1.0,,-1.0
88,user04,2020-09-05,2020-09-06 8:20,4.0,0.0,2.0,4.0,5.0,4.0,5.0,2.0,,-1.0,,-1.0
89,user04,2020-09-06,2020-09-07 7:27,4.0,0.0,4.0,4.0,4.0,4.0,5.0,4.0,,-1.0,,-1.0
90,user04,2020-09-07,2020-09-08 8:56,1.0,9.0,4.0,2.0,3.0,4.0,3.0,4.0,,-1.0,,-1.0
91,user04,2020-09-08,2020-09-09 7:27,4.0,0.0,4.0,2.0,3.0,4.0,2.0,1.0,,-1.0,,-1.0
92,user04,2020-09-09,2020-09-10 7:49,4.0,0.0,4.0,4.0,4.0,4.0,2.0,4.0,,-1.0,,-1.0
93,user04,2020-09-10,2020-09-11 7:09,4.0,2.0,2.0,2.0,4.0,4.0,2.0,2.0,,-1.0,,-1.0
94,user04,2020-09-11,2020-09-12 6:18,3.0,2.0,2.0,2.0,3.0,3.0,1.0,3.0,,-1.0,,-1.0
95,user04,2020-09-12,2020-09-13 9:56,4.0,0.0,2.0,4.0,4.0,4.0,5.0,4.0,,-1.0,,-1.0
96,user04,2020-09-13,2020-09-14 7:09,2.0,1.0,2.0,2.0,3.0,5.0,5.0,2.0,coffee,200.0,,-1.0
97,user04,2020-09-14,2020-09-15 10:01,4.0,2.0,2.0,2.0,3.0,4.0,4.0,2.0,,-1.0,,-1.0
98,user04,2020-09-15,2020-09-16 8:07,2.0,0.0,2.0,2.0,3.0,4.0,1.0,1.0,,-1.0,,-1.0
99,user04,2020-09-16,2020-09-17 7:36,4.0,0.0,2.0,2.0,3.0,4.0,2.0,1.0,,-1.0,,-1.0
100,user04,2020-09-17,2020-09-18 8:00,4.0,0.0,2.0,4.0,4.0,3.0,1.0,3.0,,-1.0,,-1.0
101,user04,2020-09-18,2020-09-19 7:59,4.0,0.0,2.0,2.0,3.0,4.0,2.0,2.0,,-1.0,,-1.0
102,user04,2020-09-19,2020-09-20 10:50,2.0,7.0,1.0,2.0,2.0,4.0,5.0,5.0,,-1.0,,-1.0
103,user04,2020-09-20,2020-09-21 11:02,3.0,0.0,2.0,4.0,4.0,4.0,5.0,5.0,,-1.0,,-1.0
104,user04,2020-09-21,2020-09-22 7:18,4.0,0.0,2.0,4.0,4.0,4.0,2.0,2.0,,-1.0,,-1.0
105,user04,2020-09-22,2020-09-23 8:21,4.0,2.0,2.0,3.0,3.0,4.0,1.0,2.0,,-1.0,,-1.0
106,user04,2020-09-23,2020-09-24 7:31,3.0,0.0,2.0,2.0,3.0,4.0,2.0,2.0,,-1.0,,-1.0
107,user04,2020-09-24,2020-09-25 7:33,4.0,0.0,2.0,4.0,4.0,3.0,2.0,1.0,,-1.0,,-1.0
108,user04,2020-09-25,2020-09-26 9:23,4.0,0.0,2.0,4.0,4.0,4.0,2.0,2.0,,-1.0,,-1.0
109,user04,2020-09-26,2020-09-27 8:33,4.0,0.0,2.0,4.0,4.0,4.0,4.0,2.0,,-1.0,,-1.0
110,user05,2020-08-31,2020-09-01 7:45,2.0,2.0,4.0,2.0,3.0,4.0,3.0,2.0,coffee,1000.0,,-1.0
111,user05,2020-09-01,2020-09-02 10:20,2.0,9.0,4.0,2.0,3.0,3.0,2.0,1.0,coffee,1000.0,,-1.0
112,user05,2020-09-02,2020-09-03 7:40,4.0,0.0,4.0,4.0,4.0,3.0,2.0,2.0,coffee,1000.0,,-1.0
113,user05,2020-09-03,2020-09-04 7:45,4.0,5.0,4.0,3.0,3.0,4.0,3.0,3.0,coffee,500.0,,-1.0
114,user05,2020-09-04,2020-09-05 9:03,4.0,0.0,4.0,3.0,4.0,4.0,4.0,2.0,coffee,1000.0,not specified,300.0
115,user05,2020-09-05,2020-09-06 8:39,4.0,0.0,4.0,4.0,4.0,4.0,4.0,2.0,coffee,1000.0,,-1.0
116,user05,2020-09-06,2020-09-07 7:31,3.0,0.0,2.0,4.0,4.0,4.0,2.0,2.0,coffee,500.0,,-1.0
117,user05,2020-09-07,2020-09-08 7:46,3.0,2.0,2.0,3.0,3.0,3.0,3.0,2.0,coffee,1000.0,,-1.0
118,user05,2020-09-08,2020-09-09 7:48,3.0,1.0,4.0,3.0,3.0,4.0,4.0,3.0,coffee,1000.0,,-1.0
119,user05,2020-09-09,2020-09-10 8:07,3.0,0.0,2.0,4.0,3.0,3.0,3.0,3.0,coffee,1000.0,,-1.0
120,user05,2020-09-10,2020-09-11 7:47,2.0,1.0,2.0,2.0,3.0,3.0,2.0,2.0,coffee,1000.0,,-1.0
121,user05,2020-09-11,2020-09-12 9:20,1.0,2.0,4.0,1.0,2.0,4.0,4.0,2.0,coffee,1000.0,not specified,500.0
122,user05,2020-09-12,2020-09-13 10:36,4.0,0.0,4.0,4.0,4.0,3.0,4.0,1.0,coffee,1000.0,,-1.0
123,user05,2020-09-13,2020-09-14 7:34,4.0,0.0,4.0,4.0,4.0,4.0,4.0,4.0,coffee,300.0,,-1.0
124,user05,2020-09-14,2020-09-15 7:51,4.0,0.0,4.0,4.0,4.0,3.0,3.0,3.0,coffee,1000.0,,-1.0
125,user05,2020-09-15,2020-09-16 7:48,4.0,0.0,4.0,3.0,3.0,4.0,4.0,4.0,coffee,1000.0,,-1.0
126,user05,2020-09-16,2020-09-17 8:59,2.0,9.0,2.0,2.0,3.0,4.0,2.0,3.0,coffee,1500.0,,-1.0
127,user05,2020-09-17,2020-09-18 8:40,3.0,0.0,4.0,2.0,3.0,4.0,4.0,4.0,coffee,1000.0,,-1.0
128,user05,2020-09-18,2020-09-19 9:53,2.0,1.0,4.0,2.0,4.0,3.0,3.0,3.0,coffee,1000.0,,-1.0
129,user05,2020-09-19,2020-09-20 9:47,3.0,0.0,1.0,3.0,3.0,3.0,4.0,2.0,coffee,500.0,not specified,300.0
130,user05,2020-09-20,2020-09-21 7:30,3.0,0.0,4.0,3.0,3.0,3.0,4.0,4.0,coffee,1000.0,,-1.0
131,user05,2020-09-21,2020-09-22 8:53,2.0,3.0,4.0,2.0,3.0,3.0,3.0,3.0,coffee,1000.0,not specified,1000.0
132,user05,2020-09-22,2020-09-23 8:45,3.0,0.0,4.0,4.0,3.0,3.0,3.0,2.0,coffee,1000.0,,-1.0
133,user05,2020-09-23,2020-09-24 7:53,3.0,0.0,4.0,4.0,4.0,4.0,4.0,3.0,coffee,1000.0,not specified,500.0
134,user05,2020-09-24,2020-09-25 8:56,3.0,0.0,4.0,3.0,3.0,2.0,2.0,2.0,coffee,1000.0,,-1.0
135,user05,2020-09-25,2020-09-26 8:52,3.0,2.0,4.0,3.0,3.0,4.0,3.0,3.0,coffee,750.0,,-1.0
136,user05,2020-09-26,2020-09-27 7:31,3.0,1.0,4.0,3.0,3.0,4.0,5.0,5.0,,-1.0,,-1.0
137,user06,2020-09-11,2020-09-12 9:06,4.0,0.0,4.0,2.0,3.0,4.0,2.0,2.0,,-1.0,beer,500.0
138,user06,2020-09-12,2020-09-13 15:08,5.0,0.0,4.0,3.0,3.0,3.0,2.0,3.0,,-1.0,,-1.0
139,user06,2020-09-13,2020-09-14 9:39,4.0,2.0,2.0,2.0,3.0,3.0,2.0,3.0,,-1.0,,-1.0
140,user06,2020-09-14,2020-09-15 9:43,4.0,0.0,4.0,2.0,2.0,4.0,2.0,3.0,,-1.0,,-1.0
141,user06,2020-09-15,2020-09-16 9:14,3.0,7.0,1.0,2.0,2.0,1.0,1.0,2.0,coffee,150.0,,-1.0
142,user06,2020-09-16,2020-09-17 10:18,4.0,2.0,1.0,3.0,2.0,3.0,2.0,2.0,coke,200.0,,-1.0
143,user06,2020-09-17,2020-09-18 9:20,3.0,2.0,1.0,2.0,3.0,3.0,3.0,2.0,tea,200.0,,-1.0
144,user06,2020-09-18,2020-09-19 11:42,4.0,0.0,3.0,4.0,4.0,4.0,2.0,3.0,coke,250.0,,-1.0
145,user06,2020-09-19,2020-09-20 7:08,4.0,0.0,4.0,2.0,2.0,4.0,4.0,4.0,coke,500.0,,-1.0
146,user06,2020-09-20,2020-09-21 9:26,4.0,0.0,4.0,2.0,3.0,3.0,4.0,1.0,coke,250.0,,-1.0
147,user06,2020-09-21,2020-09-22 9:19,4.0,0.0,4.0,2.0,3.0,4.0,2.0,3.0,,-1.0,,-1.0
148,user06,2020-09-22,2020-09-23 7:45,4.0,0.0,4.0,2.0,3.0,3.0,2.0,3.0,coffee,400.0,,-1.0
149,user06,2020-09-23,2020-09-24 9:38,4.0,0.0,4.0,2.0,3.0,3.0,2.0,2.0,,-1.0,beer,500.0
150,user06,2020-09-24,2020-09-25 11:16,4.0,0.0,3.0,2.0,3.0,4.0,2.0,2.0,coffee,400.0,,-1.0
151,user06,2020-09-25,2020-09-26 11:01,4.0,0.0,4.0,4.0,4.0,4.0,3.0,2.0,coffee,400.0,,-1.0
152,user06,2020-09-26,2020-09-27 12:37,5.0,0.0,4.0,4.0,4.0,5.0,5.0,2.0,coffee,300.0,beer,330.0
153,user06,2020-09-27,2020-09-28 7:48,1.0,0.0,4.0,4.0,4.0,4.0,4.0,4.0,coffee,300.0,,-1.0
154,user06,2020-09-28,2020-09-29 11:35,3.0,0.0,4.0,3.0,3.0,2.0,2.0,1.0,,-1.0,,-1.0
155,user06,2020-09-29,2020-09-30 13:24,5.0,0.0,4.0,4.0,4.0,2.0,2.0,2.0,coffee,500.0,beer,600.0
156,user06,2020-09-30,2020-10-01 14:54,2.0,6.0,4.0,2.0,2.0,3.0,2.0,2.0,,-1.0,,-1.0
157,user06,2020-10-01,2020-10-02 8:34,3.0,0.0,4.0,2.0,2.0,2.0,3.0,1.0,,-1.0,soju,1000.0
158,user06,2020-10-02,2020-10-03 16:46,4.0,0.0,4.0,3.0,3.0,4.0,2.0,3.0,,-1.0,,-1.0
159,user06,2020-10-03,2020-10-04 12:03,4.0,0.0,4.0,4.0,4.0,3.0,3.0,3.0,,-1.0,,-1.0
160,user06,2020-10-04,2020-10-05 12:16,4.0,0.0,4.0,4.0,3.0,3.0,2.0,3.0,,-1.0,,-1.0
161,user06,2020-10-05,2020-10-06 11:37,4.0,0.0,4.0,4.0,4.0,4.0,4.0,4.0,,-1.0,,-1.0
162,user06,2020-10-06,2020-10-07 8:05,2.0,9.0,4.0,2.0,3.0,4.0,4.0,4.0,,-1.0,,-1.0
163,user06,2020-10-07,2020-10-08 8:24,3.0,0.0,4.0,2.0,2.0,5.0,2.0,3.0,coffee,250.0,,-1.0
164,user07,2020-08-31,2020-09-01 11:14,3.0,0.0,4.0,3.0,3.0,5.0,5.0,5.0,,-1.0,beer&rice wine,3000.0
165,user07,2020-09-01,2020-09-02 12:19,5.0,6.0,2.0,4.0,4.0,4.0,3.0,4.0,,-1.0,,-1.0
166,user07,2020-09-02,2020-09-03 7:39,2.0,7.0,1.0,3.0,2.0,3.0,2.0,3.0,,-1.0,,-1.0
167,user07,2020-09-03,2020-09-04 13:11,5.0,6.0,2.0,4.0,4.0,5.0,3.0,1.0,,-1.0,beer,3000.0
168,user07,2020-09-04,2020-09-05 11:52,2.0,6.0,2.0,2.0,3.0,5.0,5.0,4.0,,-1.0,wine,1500.0
169,user07,2020-09-05,2020-09-07 8:35,2.0,6.0,4.0,3.0,3.0,4.0,2.0,3.0,,-1.0,beer,3000.0
170,user07,2020-09-06,2020-09-07 8:25,1.0,6.0,2.0,1.0,3.0,2.0,2.0,2.0,,-1.0,soju&beer,4000.0
171,user07,2020-09-07,2020-09-08 5:45,3.0,6.0,4.0,3.0,3.0,3.0,2.0,1.0,,-1.0,beer,3500.0
172,user07,2020-09-08,2020-09-09 19:58,2.0,2.0,4.0,2.0,3.0,4.0,3.0,4.0,,-1.0,beer,1000.0
173,user07,2020-09-09,2020-09-10 6:42,1.0,0.0,4.0,1.0,2.0,3.0,3.0,1.0,,-1.0,,-1.0
174,user07,2020-09-10,2020-09-11 18:28,5.0,0.0,4.0,4.0,5.0,5.0,4.0,1.0,,-1.0,soju&beer,2000.0
175,user07,2020-09-11,2020-09-12 22:21,2.0,6.0,4.0,2.0,2.0,4.0,5.0,4.0,,-1.0,,-1.0
176,user07,2020-09-12,2020-09-15 2:11,3.0,1.0,4.0,2.0,3.0,4.0,4.0,2.0,,-1.0,beer,3500.0
177,user07,2020-09-13,2020-09-14 22:27,3.0,0.0,4.0,2.0,3.0,4.0,3.0,2.0,,-1.0,,-1.0
178,user07,2020-09-14,2020-09-15 23:18,1.0,0.0,2.0,1.0,2.0,4.0,4.0,2.0,,-1.0,rice wine,1500.0
179,user07,2020-09-15,2020-09-17 0:10,3.0,9.0,2.0,2.0,3.0,4.0,3.0,1.0,,-1.0,,-1.0
180,user07,2020-09-16,2020-09-18 10:23,5.0,0.0,4.0,5.0,5.0,3.0,2.0,1.0,,-1.0,,-1.0
181,user07,2020-09-18,2020-09-21 2:24,2.0,1.0,2.0,2.0,2.0,5.0,5.0,5.0,,-1.0,soju&beer,5000.0
182,user07,2020-09-20,2020-09-21 7:41,2.0,0.0,4.0,2.0,3.0,4.0,2.0,1.0,,-1.0,beer,4000.0
183,user07,2020-09-21,2020-09-22 23:22,3.0,0.0,4.0,2.0,2.0,3.0,3.0,1.0,,-1.0,,-1.0
184,user07,2020-09-22,2020-09-23 10:43,3.0,0.0,4.0,2.0,3.0,4.0,4.0,1.0,,-1.0,,-1.0
185,user07,2020-09-23,2020-09-24 7:04,1.0,0.0,4.0,2.0,3.0,4.0,3.0,2.0,,-1.0,beer,2000.0
186,user07,2020-09-24,2020-09-25 9:18,4.0,7.0,1.0,4.0,3.0,3.0,4.0,1.0,,-1.0,,-1.0
187,user07,2020-09-25,2020-09-26 8:35,1.0,9.0,4.0,1.0,3.0,4.0,5.0,2.0,,-1.0,beer,7000.0
188,user07,2020-09-26,2020-09-27 15:48,2.0,9.0,4.0,1.0,2.0,4.0,4.0,1.0,,-1.0,beer,2000.0
189,user08,2020-08-31,2020-09-01 6:56,5.0,0.0,3.0,4.0,4.0,4.0,3.0,3.0,,-1.0,beer,800.0
190,user08,2020-09-01,2020-09-02 7:03,4.0,0.0,2.0,4.0,4.0,4.0,3.0,3.0,,-1.0,beer,800.0
191,user08,2020-09-02,2020-09-03 7:32,4.0,0.0,3.0,2.0,3.0,3.0,3.0,3.0,,-1.0,,-1.0
192,user08,2020-09-03,2020-09-04 7:37,4.0,0.0,3.0,4.0,4.0,4.0,1.0,1.0,,-1.0,,-1.0
193,user08,2020-09-04,2020-09-05 21:39,4.0,0.0,3.0,3.0,4.0,4.0,2.0,2.0,,-1.0,beer,1000.0
194,user08,2020-09-05,2020-09-06 12:45,5.0,0.0,4.0,5.0,5.0,4.0,5.0,4.0,,-1.0,soju,800.0
195,user08,2020-09-06,2020-09-07 8:01,5.0,0.0,3.0,5.0,5.0,5.0,4.0,1.0,,-1.0,,-1.0
196,user08,2020-09-07,2020-09-08 9:15,5.0,0.0,2.0,3.0,4.0,5.0,2.0,1.0,,-1.0,,-1.0
197,user08,2020-09-08,2020-09-09 21:06,3.0,0.0,2.0,3.0,4.0,5.0,1.0,1.0,,-1.0,,-1.0
198,user08,2020-09-09,2020-09-10 7:20,2.0,2.0,2.0,3.0,3.0,1.0,1.0,1.0,,-1.0,,-1.0
199,user08,2020-09-10,2020-09-11 23:02,3.0,1.0,3.0,3.0,4.0,3.0,3.0,2.0,,-1.0,,-1.0
200,user08,2020-09-11,2020-09-12 23:09,3.0,1.0,2.0,3.0,3.0,4.0,2.0,3.0,,-1.0,,-1.0
201,user08,2020-09-12,2020-09-13 22:52,2.0,4.0,2.0,3.0,3.0,3.0,2.0,2.0,,-1.0,,-1.0
202,user08,2020-09-13,2020-09-14 8:17,4.0,0.0,3.0,2.0,3.0,4.0,3.0,1.0,,-1.0,,-1.0
203,user08,2020-09-14,2020-09-15 7:29,4.0,0.0,3.0,4.0,4.0,4.0,3.0,3.0,,-1.0,,-1.0
204,user08,2020-09-15,2020-09-17 22:38,4.0,0.0,3.0,3.0,4.0,4.0,1.0,3.0,,-1.0,,-1.0
205,user08,2020-09-16,2020-09-17 22:33,3.0,5.0,3.0,4.0,4.0,4.0,2.0,3.0,,-1.0,,-1.0
206,user08,2020-09-17,2020-09-18 7:17,5.0,0.0,3.0,4.0,4.0,5.0,4.0,5.0,,-1.0,,-1.0
207,user08,2020-09-18,2020-09-19 21:23,5.0,0.0,2.0,5.0,5.0,4.0,4.0,5.0,,-1.0,,-1.0
208,user08,2020-09-19,2020-09-21 21:38,4.0,9.0,4.0,4.0,4.0,4.0,4.0,2.0,,-1.0,,-1.0
209,user08,2020-09-20,2020-09-21 10:10,4.0,0.0,3.0,5.0,5.0,4.0,4.0,5.0,,-1.0,,-1.0
210,user08,2020-09-21,2020-09-22 23:52,4.0,7.0,3.0,4.0,4.0,5.0,4.0,4.0,,-1.0,,-1.0
211,user08,2020-09-22,2020-09-23 20:01,3.0,3.0,3.0,4.0,4.0,4.0,4.0,5.0,,-1.0,,-1.0
212,user08,2020-09-23,2020-09-24 21:48,4.0,0.0,3.0,5.0,4.0,4.0,3.0,2.0,,-1.0,,-1.0
213,user08,2020-09-24,2020-09-27 23:34,4.0,6.0,3.0,3.0,4.0,5.0,2.0,4.0,,-1.0,,-1.0
214,user09,2020-08-31,2020-09-01 9:33,3.0,2.0,4.0,4.0,3.0,3.0,2.0,2.0,coffee,330.0,,-1.0
215,user09,2020-09-01,2020-09-02 9:26,2.0,5.0,4.0,2.0,3.0,3.0,2.0,1.0,coffee,700.0,,-1.0
216,user09,2020-09-02,2020-09-03 9:09,2.0,2.0,4.0,2.0,3.0,3.0,3.0,2.0,,-1.0,,-1.0
217,user09,2020-09-03,2020-09-04 10:06,2.0,2.0,4.0,2.0,2.0,4.0,4.0,2.0,coffee,500.0,,-1.0
218,user09,2020-09-04,2020-09-05 6:49,2.0,2.0,4.0,2.0,3.0,4.0,4.0,2.0,,-1.0,,-1.0
219,user09,2020-09-05,2020-09-06 8:39,2.0,2.0,1.0,2.0,2.0,2.0,2.0,1.0,,-1.0,,-1.0
220,user09,2020-09-06,2020-09-07 11:34,3.0,2.0,3.0,3.0,3.0,3.0,3.0,2.0,caffeinated drink,355.0,,-1.0
221,user09,2020-09-07,2020-09-08 11:30,2.0,4.0,4.0,2.0,3.0,3.0,4.0,4.0,coffee,500.0,,-1.0
222,user09,2020-09-08,2020-09-09 10:03,3.0,0.0,4.0,3.0,4.0,4.0,4.0,2.0,,-1.0,,-1.0
223,user09,2020-09-09,2020-09-10 12:51,3.0,0.0,3.0,3.0,3.0,4.0,4.0,3.0,caffeinated drink,355.0,,-1.0
224,user09,2020-09-10,2020-09-11 11:58,3.0,0.0,4.0,3.0,4.0,2.0,2.0,3.0,,-1.0,,-1.0
225,user09,2020-09-11,2020-09-12 7:08,3.0,0.0,4.0,4.0,3.0,3.0,4.0,2.0,coffee,360.0,,-1.0
226,user09,2020-09-12,2020-09-13 12:07,2.0,1.0,4.0,2.0,3.0,4.0,4.0,2.0,coffee,350.0,,-1.0
227,user09,2020-09-13,2020-09-14 9:49,3.0,1.0,3.0,2.0,3.0,3.0,3.0,2.0,caffeinated drink,355.0,,-1.0
228,user09,2020-09-14,2020-09-15 11:26,3.0,0.0,4.0,3.0,4.0,3.0,3.0,2.0,coffee,500.0,,-1.0
229,user09,2020-09-15,2020-09-16 13:52,3.0,0.0,2.0,3.0,3.0,4.0,3.0,2.0,,-1.0,,-1.0
230,user09,2020-09-16,2020-09-17 15:56,3.0,0.0,4.0,2.0,3.0,4.0,4.0,2.0,,-1.0,beer,330.0
231,user09,2020-09-17,2020-09-18 14:04,2.0,0.0,4.0,2.0,3.0,3.0,3.0,2.0,,-1.0,,-1.0
232,user09,2020-09-18,2020-09-19 13:05,2.0,2.0,4.0,1.0,2.0,3.0,2.0,3.0,coffee,600.0,,-1.0
233,user09,2020-09-19,2020-09-20 16:28,4.0,0.0,4.0,2.0,3.0,4.0,2.0,2.0,caffeinated drink,355.0,,-1.0
234,user09,2020-09-20,2020-09-21 13:59,3.0,0.0,3.0,2.0,4.0,3.0,2.0,2.0,coffee,600.0,,-1.0
235,user09,2020-09-21,2020-09-22 10:58,3.0,0.0,4.0,3.0,4.0,5.0,4.0,3.0,,-1.0,beer,355.0
236,user09,2020-09-22,2020-09-23 11:57,4.0,0.0,4.0,3.0,2.0,3.0,2.0,1.0,,-1.0,,-1.0
237,user09,2020-09-23,2020-09-24 12:57,4.0,0.0,4.0,4.0,3.0,4.0,4.0,2.0,,-1.0,,-1.0
238,user09,2020-09-24,2020-09-25 17:57,3.0,0.0,2.0,2.0,3.0,5.0,4.0,3.0,,-1.0,beer,500.0
239,user09,2020-09-25,2020-09-26 11:14,2.0,2.0,4.0,2.0,4.0,2.0,2.0,2.0,,-1.0,,-1.0
240,user09,2020-09-26,2020-09-27 8:27,4.0,0.0,4.0,2.0,3.0,2.0,2.0,2.0,coffee,500.0,,-1.0
241,user10,2020-08-30,2020-08-31 6:24,2.0,1.0,4.0,2.0,2.0,3.0,5.0,4.0,,-1.0,,-1.0
242,user10,2020-08-31,2020-09-02 6:21,2.0,5.0,2.0,2.0,2.0,4.0,2.0,1.0,coffee,180.0,,-1.0
243,user10,2020-09-02,2020-09-03 6:41,3.0,1.0,4.0,3.0,3.0,4.0,2.0,2.0,caffeinated drink,400.0,,-1.0
244,user10,2020-09-03,2020-09-04 7:05,4.0,5.0,3.0,4.0,4.0,4.0,1.0,2.0,caffeinated drink,480.0,,-1.0
245,user10,2020-09-04,2020-09-05 15:40,2.0,4.0,3.0,2.0,2.0,4.0,2.0,2.0,caffeinated drink,480.0,,-1.0
246,user10,2020-09-05,2020-09-06 6:27,1.0,0.0,4.0,1.0,1.0,1.0,1.0,1.0,,-1.0,,-1.0
247,user10,2020-09-06,2020-09-07 6:28,4.0,1.0,3.0,4.0,4.0,4.0,5.0,4.0,,-1.0,,-1.0
248,user10,2020-09-07,2020-09-08 6:45,5.0,1.0,3.0,4.0,5.0,3.0,2.0,4.0,caffeinated drink,280.0,,-1.0
249,user10,2020-09-08,2020-09-09 7:11,3.0,1.0,4.0,2.0,3.0,3.0,2.0,3.0,caffeinated drink,280.0,,-1.0
250,user10,2020-09-09,2020-09-10 6:36,3.0,1.0,4.0,2.0,2.0,3.0,3.0,3.0,caffeinated drink,280.0,,-1.0
251,user10,2020-09-10,2020-09-11 7:20,2.0,4.0,4.0,1.0,1.0,5.0,5.0,2.0,caffeinated drink,560.0,,-1.0
252,user10,2020-09-11,2020-09-12 12:27,2.0,3.0,4.0,3.0,4.0,3.0,3.0,3.0,caffeinated drink,560.0,,-1.0
253,user10,2020-09-12,2020-09-13 10:40,5.0,0.0,4.0,4.0,4.0,5.0,4.0,3.0,,-1.0,soju,900.0
254,user10,2020-09-13,2020-09-14 7:07,3.0,1.0,4.0,3.0,3.0,5.0,5.0,3.0,,-1.0,,-1.0
255,user10,2020-09-14,2020-09-15 5:01,1.0,9.0,4.0,1.0,2.0,1.0,5.0,1.0,,-1.0,,-1.0
256,user10,2020-09-15,2020-09-16 7:18,2.0,0.0,2.0,2.0,2.0,5.0,4.0,1.0,,-1.0,soju,720.0
257,user10,2020-09-16,2020-09-17 7:12,3.0,9.0,2.0,3.0,2.0,3.0,2.0,4.0,caffeinated drink,260.0,,-1.0
258,user10,2020-09-17,2020-09-18 14:24,4.0,1.0,4.0,3.0,2.0,5.0,5.0,2.0,caffeinated drink,260.0,,-1.0
259,user10,2020-09-18,2020-09-19 12:52,5.0,9.0,3.0,1.0,3.0,5.0,5.0,1.0,,-1.0,soju,800.0
260,user10,2020-09-19,2020-09-20 11:15,2.0,1.0,3.0,2.0,2.0,4.0,4.0,2.0,,-1.0,,-1.0
261,user10,2020-09-20,2020-09-21 9:46,5.0,0.0,3.0,2.0,5.0,4.0,5.0,1.0,,-1.0,soju,-1.0
262,user10,2020-09-21,2020-09-22 7:15,2.0,9.0,3.0,2.0,2.0,5.0,5.0,4.0,,-1.0,,-1.0
263,user10,2020-09-22,2020-09-23 7:43,2.0,1.0,3.0,1.0,3.0,4.0,4.0,3.0,caffeinated drink,560.0,,-1.0
264,user10,2020-09-23,2020-09-24 7:57,3.0,1.0,4.0,3.0,3.0,2.0,3.0,1.0,caffeinated drink,260.0,,-1.0
265,user10,2020-09-24,2020-09-25 7:22,2.0,5.0,3.0,1.0,2.0,2.0,2.0,3.0,caffeinated drink,560.0,,-1.0
266,user10,2020-09-25,2020-09-26 14:56,5.0,0.0,3.0,1.0,1.0,5.0,4.0,1.0,coffee,680.0,soju,900.0
267,user10,2020-09-26,2020-09-27 11:36,2.0,0.0,4.0,1.0,2.0,5.0,4.0,1.0,coffee,400.0,soju,680.0
268,user11,2020-08-30,2020-08-31 10:37,4.0,0.0,4.0,3.0,3.0,4.0,4.0,4.0,,-1.0,,-1.0
269,user11,2020-08-31,2020-09-01 7:58,2.0,5.0,4.0,2.0,3.0,4.0,3.0,2.0,coffee,355.0,,-1.0
270,user11,2020-09-01,2020-09-02 7:51,3.0,2.0,4.0,3.0,3.0,3.0,2.0,2.0,,-1.0,,-1.0
271,user11,2020-09-02,2020-09-03 8:10,2.0,2.0,2.0,3.0,3.0,3.0,2.0,3.0,coffee,400.0,,-1.0
272,user11,2020-09-03,2020-09-04 8:18,2.0,2.0,4.0,2.0,3.0,2.0,2.0,2.0,,-1.0,,-1.0
273,user11,2020-09-04,2020-09-05 10:53,3.0,2.0,2.0,3.0,3.0,3.0,2.0,1.0,,-1.0,,-1.0
274,user11,2020-09-05,2020-09-06 10:49,2.0,2.0,2.0,3.0,3.0,4.0,4.0,3.0,,-1.0,,-1.0
275,user11,2020-09-06,2020-09-07 8:46,3.0,2.0,4.0,2.0,3.0,3.0,3.0,3.0,,-1.0,,-1.0
276,user11,2020-09-07,2020-09-08 10:17,3.0,0.0,4.0,2.0,3.0,3.0,2.0,3.0,,-1.0,,-1.0
277,user11,2020-09-08,2020-09-09 7:24,2.0,0.0,4.0,3.0,3.0,3.0,3.0,3.0,,-1.0,,-1.0
278,user11,2020-09-09,2020-09-10 10:09,3.0,0.0,4.0,3.0,4.0,3.0,3.0,3.0,,-1.0,,-1.0
279,user11,2020-09-10,2020-09-11 10:33,3.0,2.0,4.0,3.0,3.0,3.0,2.0,3.0,,-1.0,,-1.0
280,user11,2020-09-11,2020-09-12 10:41,3.0,0.0,4.0,3.0,3.0,4.0,4.0,3.0,,-1.0,,-1.0
281,user11,2020-09-12,2020-09-13 11:43,3.0,3.0,4.0,3.0,3.0,4.0,4.0,3.0,,-1.0,beer,500.0
282,user11,2020-09-13,2020-09-14 9:31,3.0,0.0,4.0,3.0,3.0,3.0,2.0,3.0,,-1.0,,-1.0
283,user11,2020-09-14,2020-09-15 7:19,2.0,0.0,2.0,2.0,3.0,3.0,3.0,2.0,,-1.0,,-1.0
284,user11,2020-09-15,2020-09-16 9:25,3.0,0.0,4.0,3.0,3.0,3.0,3.0,2.0,coffee,400.0,,-1.0
285,user11,2020-09-16,2020-09-17 7:21,3.0,0.0,4.0,3.0,3.0,3.0,3.0,2.0,,-1.0,,-1.0
286,user11,2020-09-17,2020-09-18 9:56,3.0,0.0,4.0,3.0,3.0,4.0,2.0,2.0,,-1.0,,-1.0
287,user11,2020-09-18,2020-09-19 9:57,3.0,0.0,4.0,3.0,3.0,3.0,4.0,2.0,,-1.0,beer,1000.0
288,user11,2020-09-19,2020-09-20 11:19,4.0,0.0,4.0,3.0,3.0,4.0,4.0,3.0,,-1.0,beer,800.0
289,user11,2020-09-20,2020-09-21 8:48,2.0,2.0,4.0,3.0,3.0,4.0,3.0,2.0,coffee,300.0,,-1.0
290,user11,2020-09-21,2020-09-22 6:51,3.0,0.0,4.0,2.0,2.0,2.0,1.0,2.0,,-1.0,,-1.0
291,user11,2020-09-22,2020-09-23 8:30,2.0,2.0,4.0,3.0,3.0,3.0,2.0,2.0,coffee,300.0,,-1.0
292,user11,2020-09-23,2020-09-24 8:36,3.0,0.0,4.0,2.0,3.0,2.0,1.0,2.0,,-1.0,,-1.0
293,user11,2020-09-24,2020-09-25 7:31,3.0,2.0,2.0,2.0,3.0,3.0,3.0,2.0,,-1.0,beer,350.0
294,user11,2020-09-25,2020-09-26 20:12,3.0,0.0,4.0,3.0,3.0,4.0,3.0,2.0,,-1.0,soju,350.0
295,user11,2020-09-26,2020-09-27 17:25,3.0,0.0,4.0,3.0,3.0,3.0,4.0,2.0,,-1.0,,-1.0
296,user12,2020-08-30,2020-08-31 6:38,3.0,2.0,2.0,3.0,3.0,4.0,4.0,4.0,coffee,200.0,soju,200.0
297,user12,2020-08-31,2020-09-01 7:28,4.0,5.0,2.0,4.0,3.0,3.0,4.0,3.0,coffee,300.0,soju,200.0
298,user12,2020-09-01,2020-09-02 7:35,2.0,2.0,2.0,2.0,3.0,3.0,3.0,3.0,coffee,200.0,beer,1000.0
299,user12,2020-09-02,2020-09-03 7:54,3.0,2.0,2.0,2.0,2.0,1.0,1.0,1.0,coffee,150.0,soju,200.0
300,user12,2020-09-03,2020-09-04 7:35,4.0,0.0,2.0,4.0,3.0,4.0,3.0,4.0,tea,300.0,beer,500.0
301,user12,2020-09-04,2020-09-05 13:06,4.0,2.0,1.0,4.0,4.0,4.0,2.0,4.0,coffee,250.0,soju,350.0
302,user12,2020-09-05,2020-09-06 12:44,5.0,5.0,2.0,5.0,5.0,5.0,5.0,4.0,,-1.0,soju,400.0
303,user12,2020-09-06,2020-09-07 20:02,5.0,5.0,2.0,2.0,4.0,5.0,5.0,2.0,,-1.0,,-1.0
304,user12,2020-09-07,2020-09-08 17:52,5.0,0.0,2.0,5.0,5.0,4.0,4.0,4.0,,-1.0,,-1.0
305,user12,2020-09-08,2020-09-09 21:12,5.0,7.0,1.0,4.0,2.0,3.0,5.0,4.0,,-1.0,soju,300.0
306,user12,2020-09-09,2020-09-10 22:38,5.0,0.0,2.0,5.0,4.0,3.0,5.0,5.0,,-1.0,beer,400.0
307,user12,2020-09-10,2020-09-11 7:56,4.0,2.0,2.0,2.0,3.0,4.0,4.0,3.0,,-1.0,wine,300.0
308,user12,2020-09-11,2020-09-13 4:23,4.0,0.0,2.0,3.0,4.0,4.0,4.0,4.0,,-1.0,soju,300.0
309,user12,2020-09-12,2020-09-13 22:09,4.0,2.0,2.0,4.0,3.0,3.0,4.0,4.0,,-1.0,,-1.0
310,user12,2020-09-13,2020-09-14 23:15,2.0,7.0,1.0,2.0,2.0,4.0,5.0,4.0,,-1.0,soju,300.0
311,user12,2020-09-14,2020-09-15 7:35,4.0,2.0,2.0,3.0,3.0,2.0,3.0,3.0,coffee,200.0,beer,700.0
312,user12,2020-09-15,2020-09-16 8:18,4.0,2.0,2.0,3.0,3.0,3.0,3.0,3.0,coffee,400.0,,-1.0
313,user12,2020-09-16,2020-09-17 8:05,4.0,2.0,2.0,3.0,3.0,3.0,2.0,1.0,coffee,300.0,soju,200.0
314,user12,2020-09-17,2020-09-18 18:26,4.0,3.0,2.0,4.0,4.0,4.0,2.0,2.0,coffee,300.0,,-1.0
315,user12,2020-09-18,2020-09-19 21:21,4.0,0.0,2.0,4.0,4.0,5.0,3.0,3.0,,-1.0,soju,200.0
316,user12,2020-09-19,2020-09-20 20:54,5.0,2.0,2.0,4.0,5.0,5.0,4.0,4.0,,-1.0,beer,500.0
317,user12,2020-09-20,2020-09-21 22:07,3.0,2.0,1.0,2.0,2.0,4.0,5.0,3.0,,-1.0,soju,200.0
318,user12,2020-09-21,2020-09-22 7:35,3.0,7.0,2.0,2.0,3.0,2.0,1.0,1.0,,-1.0,soju,300.0
319,user12,2020-09-22,2020-09-23 18:36,3.0,7.0,1.0,3.0,3.0,3.0,1.0,1.0,,-1.0,wine,250.0
320,user12,2020-09-23,2020-09-24 18:10,4.0,0.0,2.0,4.0,3.0,3.0,1.0,1.0,,-1.0,soju,200.0
321,user12,2020-09-24,2020-09-25 23:35,4.0,0.0,2.0,2.0,3.0,3.0,3.0,2.0,,-1.0,soju,300.0
322,user12,2020-09-25,2020-09-26 21:15,5.0,0.0,1.0,4.0,4.0,3.0,2.0,2.0,,-1.0,wine,300.0
323,user12,2020-09-26,2020-09-27 22:56,5.0,0.0,2.0,5.0,4.0,4.0,4.0,4.0,,-1.0,,-1.0
324,user21,2020-08-29,2020-08-30 10:00,3.0,5.0,4.0,3.0,4.0,4.0,3.0,2.0,coffee,500.0,,-1.0
325,user21,2020-08-30,2020-08-31 8:52,3.0,6.0,2.0,3.0,3.0,3.0,3.0,4.0,,-1.0,,-1.0
326,user21,2020-08-31,2020-09-01 7:48,4.0,0.0,4.0,3.0,3.0,4.0,4.0,2.0,coffee,200.0,,-1.0
327,user21,2020-09-01,2020-09-02 7:46,4.0,0.0,4.0,4.0,4.0,3.0,2.0,2.0,coffee,200.0,,-1.0
328,user21,2020-09-02,2020-09-03 7:56,2.0,1.0,4.0,2.0,3.0,5.0,3.0,4.0,coffee,500.0,,-1.0
329,user21,2020-09-03,2020-09-04 7:50,4.0,0.0,4.0,3.0,4.0,5.0,3.0,3.0,coffee,200.0,,-1.0
330,user21,2020-09-04,2020-09-05 9:58,3.0,0.0,4.0,3.0,4.0,3.0,2.0,3.0,coffee,300.0,,-1.0
331,user21,2020-09-05,2020-09-06 9:33,4.0,0.0,4.0,4.0,5.0,5.0,5.0,4.0,,-1.0,,-1.0
332,user21,2020-09-06,2020-09-07 7:57,3.0,0.0,4.0,4.0,3.0,3.0,5.0,4.0,,-1.0,,-1.0
333,user21,2020-09-07,2020-09-08 7:55,4.0,0.0,4.0,4.0,3.0,5.0,4.0,4.0,coffee,200.0,,-1.0
334,user21,2020-09-08,2020-09-09 8:50,4.0,0.0,4.0,4.0,4.0,3.0,2.0,3.0,coffee,200.0,,-1.0
335,user21,2020-09-09,2020-09-10 7:56,3.0,0.0,2.0,3.0,3.0,4.0,5.0,3.0,tea,100.0,,-1.0
336,user21,2020-09-10,2020-09-11 7:49,4.0,5.0,2.0,4.0,4.0,5.0,5.0,4.0,coffee,200.0,,-1.0
337,user21,2020-09-11,2020-09-12 18:50,5.0,0.0,4.0,5.0,5.0,5.0,4.0,5.0,coffee,300.0,,-1.0
338,user21,2020-09-12,2020-09-13 18:14,3.0,0.0,2.0,3.0,3.0,5.0,5.0,5.0,,-1.0,,-1.0
339,user21,2020-09-13,2020-09-14 8:56,3.0,0.0,2.0,3.0,3.0,4.0,4.0,3.0,coffee,200.0,,-1.0
340,user21,2020-09-14,2020-09-15 7:49,4.0,0.0,4.0,3.0,4.0,5.0,5.0,5.0,coffee,200.0,,-1.0
341,user21,2020-09-15,2020-09-16 10:52,3.0,2.0,2.0,2.0,2.0,5.0,2.0,5.0,coffee,300.0,,-1.0
342,user21,2020-09-16,2020-09-17 13:22,4.0,0.0,4.0,5.0,5.0,5.0,5.0,5.0,coffee,300.0,,-1.0
343,user21,2020-09-17,2020-09-18 7:50,2.0,0.0,4.0,2.0,3.0,5.0,5.0,5.0,tea,200.0,,-1.0
344,user21,2020-09-18,2020-09-20 20:47,3.0,0.0,2.0,3.0,4.0,5.0,4.0,5.0,,-1.0,,-1.0
345,user21,2020-09-19,2020-09-20 20:46,3.0,0.0,4.0,4.0,5.0,4.0,5.0,5.0,,-1.0,,-1.0
346,user21,2020-09-20,2020-09-21 8:43,4.0,0.0,3.0,4.0,4.0,5.0,5.0,5.0,coffee,200.0,,-1.0
347,user21,2020-09-21,2020-09-22 10:07,4.0,0.0,4.0,3.0,2.0,4.0,4.0,4.0,coffee,200.0,,-1.0
348,user21,2020-09-22,2020-09-23 12:53,4.0,0.0,2.0,4.0,5.0,4.0,5.0,4.0,coffee,100.0,,-1.0
349,user21,2020-09-23,2020-09-24 8:45,4.0,0.0,1.0,3.0,3.0,5.0,5.0,5.0,coffee,100.0,,-1.0
350,user21,2020-09-24,2020-09-25 12:12,4.0,0.0,4.0,3.0,4.0,3.0,3.0,3.0,coffee,200.0,,-1.0
351,user21,2020-09-25,2020-09-27 0:57,3.0,0.0,2.0,4.0,5.0,5.0,5.0,5.0,coffee,300.0,,-1.0
352,user21,2020-09-26,2020-09-27 22:14,4.0,0.0,4.0,4.0,5.0,3.0,4.0,4.0,coffee,50.0,,-1.0
353,user22,2020-09-01,2020-09-02 8:15,2.0,1.0,4.0,1.0,2.0,3.0,3.0,2.0,coffee,600.0,,-1.0
354,user22,2020-09-02,2020-09-03 7:53,3.0,1.0,4.0,1.0,1.0,4.0,4.0,2.0,coffee,300.0,,-1.0
355,user22,2020-09-03,2020-09-04 9:27,2.0,1.0,4.0,1.0,1.0,4.0,1.0,1.0,caffeinated drink,600.0,,-1.0
356,user22,2020-09-04,2020-09-05 8:14,2.0,1.0,4.0,1.0,1.0,3.0,1.0,1.0,coffee,600.0,,-1.0
357,user22,2020-09-05,2020-09-06 8:41,2.0,1.0,4.0,1.0,1.0,4.0,4.0,3.0,coffee,200.0,,-1.0
358,user22,2020-09-06,2020-09-07 10:00,4.0,7.0,1.0,1.0,1.0,4.0,4.0,2.0,coffee,200.0,,-1.0
359,user22,2020-09-07,2020-09-08 8:05,4.0,5.0,4.0,1.0,1.0,4.0,4.0,2.0,coffee,200.0,,-1.0
360,user22,2020-09-08,2020-09-09 8:05,2.0,7.0,1.0,1.0,1.0,4.0,3.0,2.0,coffee,200.0,,-1.0
361,user22,2020-09-09,2020-09-10 8:00,3.0,1.0,4.0,1.0,1.0,4.0,3.0,2.0,coffee,250.0,,-1.0
362,user22,2020-09-10,2020-09-11 13:40,4.0,0.0,4.0,1.0,1.0,1.0,1.0,1.0,coffee,500.0,,-1.0
363,user22,2020-09-11,2020-09-12 8:33,3.0,1.0,4.0,1.0,3.0,3.0,2.0,1.0,coffee,500.0,,-1.0
364,user22,2020-09-12,2020-09-13 8:18,4.0,0.0,4.0,1.0,1.0,3.0,3.0,2.0,coffee,300.0,,-1.0
365,user22,2020-09-13,2020-09-14 9:24,3.0,5.0,2.0,1.0,1.0,3.0,1.0,1.0,coffee,600.0,,-1.0
366,user22,2020-09-14,2020-09-15 12:26,4.0,0.0,4.0,1.0,1.0,3.0,4.0,2.0,coffee,300.0,,-1.0
367,user22,2020-09-15,2020-09-16 10:09,2.0,1.0,4.0,1.0,1.0,4.0,4.0,2.0,coffee,500.0,,-1.0
368,user22,2020-09-16,2020-09-17 10:12,2.0,1.0,4.0,1.0,1.0,3.0,2.0,1.0,coffee,400.0,,-1.0
369,user22,2020-09-17,2020-09-18 15:16,3.0,1.0,4.0,1.0,1.0,4.0,2.0,1.0,coffee,300.0,,-1.0
370,user22,2020-09-18,2020-09-19 8:23,4.0,5.0,4.0,1.0,1.0,4.0,2.0,2.0,coffee,500.0,,-1.0
371,user22,2020-09-19,2020-09-20 11:14,4.0,5.0,4.0,1.0,2.0,3.0,2.0,1.0,coffee,200.0,,-1.0
372,user22,2020-09-20,2020-09-21 10:50,4.0,0.0,4.0,1.0,1.0,4.0,2.0,1.0,coffee,300.0,,-1.0
373,user22,2020-09-21,2020-09-22 16:50,4.0,6.0,1.0,1.0,1.0,3.0,2.0,1.0,coffee,400.0,,-1.0
374,user22,2020-09-22,2020-09-23 13:16,4.0,6.0,4.0,1.0,1.0,4.0,2.0,1.0,coffee,300.0,,-1.0
375,user22,2020-09-23,2020-09-24 14:52,4.0,0.0,4.0,1.0,1.0,3.0,3.0,1.0,coffee,350.0,,-1.0
376,user22,2020-09-24,2020-09-25 8:06,4.0,1.0,4.0,1.0,2.0,3.0,1.0,1.0,coffee,400.0,,-1.0
377,user22,2020-09-25,2020-09-26 8:45,4.0,5.0,4.0,1.0,1.0,3.0,2.0,1.0,coffee,500.0,,-1.0
378,user22,2020-09-26,2020-09-27 12:17,4.0,0.0,1.0,1.0,1.0,3.0,2.0,1.0,coffee,400.0,,-1.0
379,user23,2020-08-31,2020-09-01 7:25,4.0,1.0,2.0,2.0,4.0,5.0,2.0,2.0,coffee,300.0,,-1.0
380,user23,2020-09-01,2020-09-02 8:48,2.0,1.0,4.0,3.0,4.0,5.0,3.0,3.0,coffee,250.0,,-1.0
381,user23,2020-09-02,2020-09-03 8:27,3.0,3.0,4.0,4.0,4.0,5.0,4.0,4.0,,-1.0,,-1.0
382,user23,2020-09-03,2020-09-04 9:33,4.0,1.0,2.0,4.0,4.0,5.0,5.0,5.0,,-1.0,,-1.0
383,user23,2020-09-04,2020-09-05 10:02,4.0,0.0,4.0,5.0,5.0,5.0,5.0,4.0,,-1.0,,-1.0
384,user23,2020-09-05,2020-09-06 9:59,4.0,0.0,2.0,4.0,5.0,5.0,2.0,3.0,,-1.0,,-1.0
385,user23,2020-09-06,2020-09-07 7:06,3.0,5.0,2.0,1.0,2.0,5.0,4.0,2.0,,-1.0,,-1.0
386,user23,2020-09-07,2020-09-08 7:31,3.0,8.0,2.0,2.0,4.0,5.0,4.0,2.0,,-1.0,,-1.0
387,user23,2020-09-08,2020-09-09 7:48,3.0,8.0,2.0,3.0,3.0,4.0,2.0,3.0,,-1.0,,-1.0
388,user23,2020-09-09,2020-09-10 8:01,2.0,7.0,2.0,1.0,1.0,4.0,2.0,3.0,,-1.0,,-1.0
389,user23,2020-09-10,2020-09-11 8:21,3.0,3.0,2.0,3.0,4.0,5.0,4.0,2.0,,-1.0,,-1.0
390,user23,2020-09-11,2020-09-12 10:44,4.0,0.0,2.0,4.0,4.0,5.0,4.0,2.0,,-1.0,,-1.0
391,user23,2020-09-12,2020-09-13 9:31,2.0,9.0,2.0,2.0,4.0,5.0,5.0,4.0,,-1.0,,-1.0
392,user23,2020-09-13,2020-09-14 8:07,4.0,9.0,2.0,4.0,4.0,5.0,5.0,2.0,,-1.0,,-1.0
393,user23,2020-09-14,2020-09-15 8:17,4.0,9.0,2.0,2.0,4.0,5.0,4.0,2.0,,-1.0,,-1.0
394,user23,2020-09-15,2020-09-16 7:38,4.0,9.0,2.0,2.0,3.0,5.0,2.0,3.0,,-1.0,,-1.0
395,user23,2020-09-16,2020-09-17 8:06,3.0,3.0,1.0,3.0,2.0,5.0,4.0,2.0,,-1.0,,-1.0
396,user23,2020-09-17,2020-09-18 8:07,3.0,9.0,2.0,4.0,3.0,5.0,4.0,3.0,,-1.0,,-1.0
397,user23,2020-09-18,2020-09-19 10:30,2.0,9.0,2.0,2.0,4.0,5.0,5.0,2.0,,-1.0,,-1.0
398,user23,2020-09-19,2020-09-20 10:41,4.0,9.0,2.0,4.0,5.0,5.0,5.0,4.0,,-1.0,,-1.0
399,user23,2020-09-20,2020-09-21 8:18,4.0,0.0,2.0,1.0,3.0,3.0,2.0,3.0,,-1.0,,-1.0
400,user23,2020-09-21,2020-09-22 8:28,3.0,0.0,2.0,2.0,3.0,5.0,3.0,2.0,,-1.0,,-1.0
401,user23,2020-09-22,2020-09-23 8:14,4.0,0.0,2.0,2.0,3.0,5.0,4.0,2.0,coffee,250.0,not specified,300.0
402,user23,2020-09-23,2020-09-24 19:50,3.0,1.0,2.0,3.0,3.0,5.0,4.0,2.0,,-1.0,,-1.0
403,user23,2020-09-24,2020-09-25 8:02,4.0,0.0,2.0,4.0,3.0,5.0,5.0,2.0,,-1.0,,-1.0
404,user23,2020-09-25,2020-09-26 8:34,1.0,0.0,2.0,3.0,4.0,1.0,1.0,1.0,,-1.0,,-1.0
405,user23,2020-09-26,2020-09-27 8:33,1.0,0.0,4.0,1.0,3.0,1.0,2.0,2.0,,-1.0,,-1.0
406,user24,2020-08-29,2020-08-30 7:41,3.0,2.0,2.0,2.0,3.0,4.0,4.0,2.0,,-1.0,,-1.0
407,user24,2020-08-30,2020-08-31 7:24,3.0,2.0,2.0,3.0,3.0,4.0,5.0,2.0,coffee,200.0,,-1.0
408,user24,2020-08-31,2020-09-01 6:20,4.0,0.0,4.0,4.0,3.0,4.0,2.0,4.0,coffee,200.0,,-1.0
409,user24,2020-09-01,2020-09-02 9:02,4.0,0.0,4.0,2.0,4.0,5.0,4.0,3.0,coffee,150.0,,-1.0
410,user24,2020-09-02,2020-09-03 7:33,4.0,0.0,2.0,2.0,3.0,4.0,4.0,2.0,,-1.0,,-1.0
411,user24,2020-09-03,2020-09-04 6:22,3.0,0.0,2.0,2.0,3.0,3.0,2.0,2.0,coffee,200.0,,-1.0
412,user24,2020-09-04,2020-09-05 12:08,4.0,0.0,3.0,3.0,5.0,5.0,4.0,2.0,coffee,100.0,,-1.0
413,user24,2020-09-05,2020-09-06 9:00,4.0,0.0,2.0,2.0,3.0,5.0,5.0,2.0,,-1.0,,-1.0
414,user24,2020-09-06,2020-09-07 6:38,4.0,1.0,2.0,4.0,3.0,2.0,1.0,2.0,coffee,250.0,,-1.0
415,user24,2020-09-07,2020-09-08 7:13,4.0,0.0,4.0,1.0,4.0,4.0,2.0,2.0,coffee,200.0,,-1.0
416,user24,2020-09-08,2020-09-09 8:21,3.0,0.0,2.0,2.0,4.0,4.0,2.0,1.0,,-1.0,,-1.0
417,user24,2020-09-09,2020-09-10 8:16,4.0,0.0,4.0,3.0,4.0,3.0,3.0,1.0,,-1.0,,-1.0
418,user24,2020-09-10,2020-09-11 7:01,4.0,0.0,4.0,2.0,3.0,4.0,4.0,2.0,,-1.0,,-1.0
419,user24,2020-09-11,2020-09-12 9:47,3.0,5.0,2.0,2.0,4.0,5.0,2.0,3.0,coffee,150.0,,-1.0
420,user24,2020-09-12,2020-09-13 17:06,4.0,0.0,2.0,2.0,4.0,4.0,5.0,2.0,coffee,100.0,,-1.0
421,user24,2020-09-13,2020-09-14 7:25,4.0,0.0,2.0,2.0,3.0,5.0,2.0,2.0,,-1.0,,-1.0
422,user24,2020-09-14,2020-09-15 20:11,3.0,2.0,2.0,2.0,2.0,5.0,2.0,3.0,coffee,250.0,,-1.0
423,user24,2020-09-15,2020-09-16 20:46,4.0,0.0,2.0,3.0,4.0,3.0,2.0,2.0,,-1.0,,-1.0
424,user24,2020-09-16,2020-09-17 21:02,4.0,0.0,2.0,4.0,3.0,4.0,2.0,2.0,,-1.0,,-1.0
425,user24,2020-09-17,2020-09-18 19:22,3.0,0.0,2.0,1.0,3.0,3.0,2.0,1.0,coffee,150.0,,-1.0
426,user24,2020-09-18,2020-09-19 18:44,3.0,0.0,2.0,2.0,3.0,3.0,1.0,1.0,,-1.0,,-1.0
427,user24,2020-09-19,2020-09-20 17:49,4.0,0.0,2.0,3.0,4.0,3.0,4.0,1.0,,-1.0,,-1.0
428,user24,2020-09-20,2020-09-21 19:54,3.0,0.0,2.0,2.0,2.0,4.0,4.0,2.0,,-1.0,,-1.0
429,user24,2020-09-21,2020-09-22 7:26,4.0,2.0,2.0,2.0,3.0,4.0,1.0,3.0,coffee,100.0,,-1.0
430,user24,2020-09-22,2020-09-23 11:50,4.0,0.0,2.0,2.0,4.0,3.0,2.0,2.0,,-1.0,,-1.0
431,user24,2020-09-23,2020-09-24 20:41,3.0,0.0,2.0,2.0,3.0,2.0,1.0,2.0,coffee,200.0,,-1.0
432,user24,2020-09-24,2020-09-25 23:13,3.0,0.0,2.0,2.0,2.0,1.0,1.0,3.0,,-1.0,,-1.0
433,user24,2020-09-25,2020-09-26 16:45,4.0,0.0,2.0,4.0,3.0,4.0,2.0,4.0,coffee,100.0,,-1.0
434,user24,2020-09-26,2020-09-27 18:39,4.0,0.0,2.0,3.0,4.0,4.0,4.0,1.0,,-1.0,,-1.0
435,user25,2020-08-31,2020-09-01 10:35,2.0,9.0,2.0,2.0,3.0,3.0,2.0,1.0,coffee,500.0,,-1.0
436,user25,2020-09-01,2020-09-02 12:44,4.0,0.0,2.0,4.0,4.0,2.0,2.0,1.0,coffee,500.0,,-1.0
437,user25,2020-09-02,2020-09-03 7:59,1.0,0.0,4.0,2.0,2.0,3.0,2.0,2.0,,-1.0,,-1.0
438,user25,2020-09-03,2020-09-04 7:43,3.0,6.0,2.0,1.0,2.0,4.0,2.0,1.0,,-1.0,,-1.0
439,user25,2020-09-04,2020-09-05 11:54,4.0,0.0,4.0,3.0,3.0,3.0,2.0,1.0,coffee,500.0,soju,500.0
440,user25,2020-09-05,2020-09-06 14:29,2.0,7.0,2.0,1.0,1.0,3.0,2.0,1.0,,-1.0,,-1.0
441,user25,2020-09-06,2020-09-07 8:45,3.0,0.0,4.0,2.0,2.0,5.0,2.0,2.0,,-1.0,,-1.0
442,user25,2020-09-07,2020-09-08 7:25,2.0,2.0,4.0,4.0,3.0,4.0,2.0,2.0,coffee,250.0,,-1.0
443,user25,2020-09-08,2020-09-09 7:42,4.0,0.0,4.0,2.0,3.0,4.0,4.0,1.0,,-1.0,,-1.0
444,user25,2020-09-09,2020-09-10 9:04,4.0,0.0,4.0,4.0,4.0,2.0,1.0,1.0,,-1.0,,-1.0
445,user25,2020-09-10,2020-09-11 9:04,5.0,0.0,4.0,5.0,4.0,4.0,4.0,2.0,,-1.0,cognac,300.0
446,user25,2020-09-11,2020-09-12 15:12,5.0,0.0,4.0,5.0,5.0,3.0,2.0,2.0,coffee,250.0,,-1.0
447,user25,2020-09-12,2020-09-13 13:36,4.0,0.0,4.0,4.0,4.0,4.0,2.0,2.0,coffee,500.0,,-1.0
448,user25,2020-09-13,2020-09-14 8:45,4.0,9.0,4.0,4.0,4.0,2.0,1.0,1.0,coffee,1000.0,,-1.0
449,user25,2020-09-14,2020-09-15 8:43,2.0,0.0,4.0,2.0,3.0,3.0,2.0,1.0,coffee,500.0,,-1.0
450,user25,2020-09-15,2020-09-16 9:03,5.0,0.0,4.0,4.0,4.0,1.0,1.0,1.0,coffee,1000.0,,-1.0
451,user25,2020-09-16,2020-09-17 9:02,4.0,0.0,4.0,3.0,3.0,3.0,1.0,2.0,,-1.0,,-1.0
452,user25,2020-09-17,2020-09-18 8:01,5.0,0.0,1.0,5.0,5.0,3.0,2.0,1.0,,-1.0,,-1.0
453,user25,2020-09-18,2020-09-19 9:15,4.0,3.0,2.0,5.0,4.0,4.0,2.0,2.0,coffee,500.0,,-1.0
454,user25,2020-09-19,2020-09-20 11:24,5.0,7.0,1.0,4.0,2.0,3.0,2.0,1.0,,-1.0,,-1.0
455,user25,2020-09-20,2020-09-21 9:30,4.0,0.0,4.0,2.0,2.0,3.0,2.0,1.0,,-1.0,,-1.0
456,user25,2020-09-21,2020-09-22 5:12,4.0,0.0,4.0,4.0,2.0,3.0,2.0,1.0,,-1.0,,-1.0
457,user25,2020-09-22,2020-09-23 13:49,4.0,0.0,4.0,4.0,3.0,2.0,1.0,1.0,coffee,1000.0,,-1.0
458,user25,2020-09-23,2020-09-24 9:02,5.0,0.0,4.0,4.0,3.0,3.0,2.0,2.0,,-1.0,,-1.0
459,user25,2020-09-24,2020-09-26 6:41,2.0,0.0,4.0,2.0,3.0,4.0,1.0,1.0,,-1.0,,-1.0
460,user25,2020-09-26,2020-09-27 14:37,4.0,0.0,4.0,3.0,4.0,3.0,2.0,3.0,coffee,50.0,,-1.0
461,user26,2020-08-31,2020-09-01 10:10,3.0,3.0,4.0,2.0,3.0,3.0,2.0,2.0,coffee,400.0,,-1.0
462,user26,2020-09-01,2020-09-02 9:21,3.0,2.0,2.0,3.0,3.0,4.0,4.0,2.0,,-1.0,beer,1500.0
463,user26,2020-09-02,2020-09-03 10:20,3.0,2.0,2.0,2.0,3.0,5.0,4.0,4.0,coffee,500.0,,-1.0
464,user26,2020-09-03,2020-09-04 9:58,2.0,0.0,2.0,4.0,3.0,4.0,4.0,4.0,coffee,400.0,beer,500.0
465,user26,2020-09-04,2020-09-05 9:24,4.0,5.0,4.0,4.0,3.0,4.0,3.0,4.0,coffee,500.0,,-1.0
466,user26,2020-09-05,2020-09-06 11:56,4.0,0.0,2.0,2.0,4.0,5.0,1.0,2.0,coffee,300.0,,-1.0
467,user26,2020-09-06,2020-09-07 9:56,4.0,0.0,4.0,4.0,4.0,5.0,5.0,5.0,coffee,300.0,,-1.0
468,user26,2020-09-07,2020-09-08 12:20,4.0,0.0,2.0,2.0,3.0,4.0,3.0,1.0,coffee,200.0,wine,200.0
469,user26,2020-09-08,2020-09-09 11:17,4.0,0.0,4.0,3.0,3.0,5.0,4.0,4.0,coffee,500.0,,-1.0
470,user26,2020-09-09,2020-09-10 12:00,4.0,0.0,4.0,3.0,3.0,4.0,4.0,2.0,coffee,300.0,,-1.0
471,user26,2020-09-10,2020-09-11 12:21,4.0,0.0,2.0,2.0,3.0,4.0,4.0,2.0,coffee,400.0,,-1.0
472,user26,2020-09-11,2020-09-12 12:21,2.0,9.0,4.0,4.0,4.0,5.0,4.0,1.0,coffee,300.0,wine&beer,2000.0
473,user26,2020-09-12,2020-09-13 11:56,4.0,9.0,4.0,4.0,4.0,4.0,4.0,1.0,coffee,900.0,,-1.0
474,user26,2020-09-13,2020-09-14 12:58,3.0,0.0,2.0,2.0,3.0,4.0,4.0,4.0,coffee,300.0,,-1.0
475,user26,2020-09-14,2020-09-15 21:57,2.0,5.0,2.0,2.0,2.0,4.0,3.0,2.0,coffee,600.0,,-1.0
476,user26,2020-09-15,2020-09-16 12:15,3.0,5.0,2.0,2.0,3.0,3.0,2.0,2.0,coffee,500.0,,-1.0
477,user26,2020-09-16,2020-09-17 9:40,4.0,0.0,4.0,3.0,2.0,4.0,1.0,4.0,coffee,300.0,beer,500.0
478,user26,2020-09-17,2020-09-18 11:04,4.0,0.0,4.0,4.0,2.0,4.0,2.0,2.0,coffee,500.0,,-1.0
479,user26,2020-09-18,2020-09-19 21:18,4.0,7.0,1.0,2.0,2.0,5.0,1.0,2.0,coffee,300.0,,-1.0
480,user26,2020-09-19,2020-09-20 17:12,4.0,5.0,1.0,2.0,3.0,4.0,4.0,1.0,coffee,300.0,beer,200.0
481,user26,2020-09-20,2020-09-21 15:12,3.0,5.0,2.0,2.0,3.0,4.0,2.0,4.0,coffee,600.0,,-1.0
482,user26,2020-09-21,2020-09-22 13:11,4.0,1.0,4.0,4.0,5.0,5.0,1.0,4.0,coffee,500.0,,-1.0
483,user26,2020-09-22,2020-09-23 13:01,3.0,5.0,4.0,2.0,3.0,4.0,4.0,2.0,,-1.0,wine,300.0
484,user26,2020-09-23,2020-09-24 11:49,4.0,5.0,4.0,3.0,4.0,4.0,4.0,1.0,coffee,200.0,,-1.0
485,user26,2020-09-24,2020-09-25 13:29,4.0,0.0,2.0,3.0,3.0,3.0,2.0,1.0,coffee,300.0,,-1.0
486,user26,2020-09-25,2020-09-26 13:20,4.0,0.0,4.0,4.0,4.0,4.0,4.0,4.0,coffee,300.0,,-1.0
487,user27,2020-09-04,2020-09-05 8:52,4.0,0.0,4.0,3.0,2.0,3.0,3.0,3.0,coffee,473.0,,-1.0
488,user27,2020-09-05,2020-09-06 10:14,1.0,9.0,4.0,2.0,2.0,2.0,2.0,2.0,coffee,355.0,,-1.0
489,user27,2020-09-06,2020-09-07 5:43,5.0,5.0,4.0,4.0,4.0,4.0,4.0,2.0,coffee,355.0,,-1.0
490,user27,2020-09-07,2020-09-08 10:53,3.0,2.0,4.0,3.0,2.0,3.0,4.0,2.0,coffee,100.0,,-1.0
491,user27,2020-09-08,2020-09-09 7:28,3.0,1.0,4.0,4.0,3.0,2.0,4.0,4.0,,-1.0,,-1.0
492,user27,2020-09-09,2020-09-10 18:07,1.0,1.0,4.0,2.0,2.0,3.0,4.0,2.0,coffee,250.0,,-1.0
493,user27,2020-09-10,2020-09-11 14:02,4.0,0.0,4.0,3.0,3.0,3.0,2.0,2.0,coffee,600.0,,-1.0
494,user27,2020-09-11,2020-09-12 12:21,3.0,3.0,2.0,3.0,2.0,3.0,2.0,2.0,,-1.0,,-1.0
495,user27,2020-09-12,2020-09-14 12:24,4.0,6.0,4.0,3.0,2.0,2.0,4.0,2.0,coffee,350.0,,-1.0
496,user27,2020-09-14,2020-09-15 16:46,4.0,0.0,4.0,4.0,3.0,2.0,2.0,2.0,,-1.0,,-1.0
497,user27,2020-09-15,2020-09-16 11:00,4.0,3.0,4.0,3.0,3.0,3.0,3.0,3.0,coffee,250.0,,-1.0
498,user27,2020-09-16,2020-09-17 19:16,5.0,0.0,2.0,4.0,3.0,4.0,2.0,3.0,coffee,500.0,,-1.0
499,user27,2020-09-17,2020-09-18 20:11,4.0,2.0,4.0,4.0,3.0,3.0,3.0,3.0,coffee,300.0,,-1.0
500,user27,2020-09-18,2020-09-19 14:21,4.0,0.0,4.0,2.0,2.0,3.0,2.0,2.0,coffee,300.0,,-1.0
501,user27,2020-09-19,2020-09-20 8:14,4.0,0.0,4.0,3.0,2.0,4.0,3.0,2.0,coffee,400.0,,-1.0
502,user27,2020-09-20,2020-09-21 11:54,4.0,2.0,4.0,3.0,3.0,3.0,3.0,2.0,coffee,500.0,,-1.0
503,user27,2020-09-21,2020-09-22 13:58,4.0,2.0,4.0,3.0,3.0,4.0,3.0,3.0,coffee,200.0,,-1.0
504,user27,2020-09-22,2020-09-23 8:37,2.0,1.0,4.0,2.0,2.0,4.0,3.0,2.0,coffee,300.0,,-1.0
505,user27,2020-09-23,2020-09-24 17:17,5.0,1.0,2.0,3.0,4.0,2.0,2.0,1.0,coffee,500.0,,-1.0
506,user27,2020-09-24,2020-09-25 11:00,4.0,0.0,2.0,4.0,4.0,3.0,4.0,2.0,coffee,350.0,,-1.0
507,user27,2020-09-25,2020-09-27 8:38,3.0,9.0,4.0,2.0,2.0,4.0,5.0,1.0,coffee,600.0,,-1.0
508,user27,2020-09-27,2020-09-28 13:53,4.0,1.0,4.0,3.0,3.0,4.0,3.0,1.0,coffee,600.0,,-1.0
509,user27,2020-09-28,2020-09-29 17:03,4.0,0.0,4.0,3.0,3.0,3.0,3.0,2.0,coffee,200.0,,-1.0
510,user27,2020-09-29,2020-09-30 10:16,4.0,1.0,4.0,3.0,4.0,3.0,3.0,3.0,coffee,400.0,,-1.0
511,user27,2020-09-30,2020-10-01 10:05,4.0,5.0,4.0,2.0,2.0,3.0,2.0,2.0,coffee,450.0,,-1.0
512,user27,2020-10-01,2020-10-02 19:52,4.0,0.0,4.0,2.0,3.0,3.0,2.0,1.0,coffee,700.0,,-1.0
513,user28,2020-08-31,2020-09-01 5:43,2.0,2.0,4.0,2.0,3.0,3.0,2.0,3.0,,-1.0,,-1.0
514,user28,2020-09-01,2020-09-02 5:49,3.0,0.0,4.0,2.0,3.0,4.0,3.0,2.0,coffee,500.0,,-1.0
515,user28,2020-09-02,2020-09-03 5:38,3.0,2.0,4.0,4.0,3.0,3.0,3.0,3.0,coffee,500.0,,-1.0
516,user28,2020-09-03,2020-09-05 7:46,4.0,2.0,2.0,4.0,3.0,3.0,2.0,4.0,,-1.0,,-1.0
517,user28,2020-09-05,2020-09-06 8:41,5.0,0.0,2.0,4.0,4.0,4.0,5.0,4.0,,-1.0,,-1.0
518,user28,2020-09-06,2020-09-07 6:40,3.0,0.0,4.0,3.0,3.0,4.0,2.0,4.0,,-1.0,,-1.0
519,user28,2020-09-07,2020-09-08 5:41,3.0,9.0,2.0,2.0,3.0,3.0,3.0,3.0,coffee,300.0,,-1.0
520,user28,2020-09-08,2020-09-09 6:21,3.0,2.0,4.0,3.0,3.0,2.0,3.0,2.0,,-1.0,,-1.0
521,user28,2020-09-09,2020-09-10 6:53,3.0,2.0,4.0,2.0,3.0,4.0,3.0,2.0,,-1.0,,-1.0
522,user28,2020-09-10,2020-09-11 9:13,2.0,2.0,4.0,4.0,3.0,5.0,4.0,2.0,,-1.0,not specified,750.0
523,user28,2020-09-11,2020-09-12 8:30,4.0,2.0,4.0,4.0,4.0,5.0,4.0,1.0,coffee,300.0,not specified,300.0
524,user28,2020-09-12,2020-09-13 6:47,3.0,2.0,4.0,3.0,3.0,4.0,4.0,2.0,coffee,300.0,,-1.0
525,user28,2020-09-13,2020-09-14 5:52,2.0,2.0,4.0,2.0,3.0,3.0,4.0,2.0,,-1.0,,-1.0
526,user28,2020-09-14,2020-09-15 5:32,3.0,0.0,2.0,2.0,3.0,4.0,3.0,3.0,coffee,400.0,,-1.0
527,user28,2020-09-15,2020-09-16 5:51,4.0,0.0,4.0,4.0,3.0,4.0,3.0,3.0,,-1.0,not specified,600.0
528,user28,2020-09-16,2020-09-17 5:48,4.0,0.0,4.0,2.0,3.0,3.0,3.0,3.0,,-1.0,,-1.0
529,user28,2020-09-17,2020-09-18 5:45,3.0,0.0,4.0,2.0,3.0,3.0,4.0,2.0,,-1.0,,-1.0
530,user28,2020-09-18,2020-09-19 6:40,3.0,0.0,4.0,3.0,3.0,3.0,3.0,2.0,coffee,500.0,,-1.0
531,user28,2020-09-19,2020-09-20 9:00,3.0,1.0,4.0,3.0,3.0,3.0,2.0,3.0,,-1.0,,-1.0
532,user28,2020-09-20,2020-09-21 5:36,2.0,0.0,2.0,2.0,3.0,3.0,4.0,3.0,,-1.0,,-1.0
533,user28,2020-09-21,2020-09-22 5:30,2.0,0.0,2.0,3.0,3.0,3.0,3.0,3.0,coffee,600.0,,-1.0
534,user28,2020-09-22,2020-09-23 6:15,2.0,0.0,4.0,3.0,3.0,3.0,3.0,3.0,coffee,400.0,,-1.0
535,user28,2020-09-23,2020-09-24 6:27,4.0,0.0,4.0,3.0,3.0,3.0,2.0,2.0,coffee,500.0,,-1.0
536,user28,2020-09-24,2020-09-25 13:17,3.0,0.0,4.0,3.0,3.0,2.0,1.0,3.0,coffee,500.0,,-1.0
537,user28,2020-09-25,2020-09-26 7:23,3.0,0.0,2.0,2.0,3.0,3.0,2.0,3.0,coffee,500.0,,-1.0
538,user29,2020-08-30,2020-08-31 9:09,3.0,0.0,4.0,2.0,3.0,2.0,2.0,2.0,coffee,300.0,,-1.0
539,user29,2020-08-31,2020-09-01 8:51,4.0,0.0,4.0,2.0,3.0,3.0,2.0,3.0,,-1.0,,-1.0
540,user29,2020-09-01,2020-09-02 9:31,4.0,0.0,4.0,2.0,3.0,3.0,2.0,1.0,,-1.0,,-1.0
541,user29,2020-09-02,2020-09-03 8:41,4.0,0.0,4.0,2.0,3.0,3.0,3.0,2.0,,-1.0,,-1.0
542,user29,2020-09-03,2020-09-04 9:21,4.0,0.0,4.0,2.0,3.0,3.0,3.0,3.0,,-1.0,,-1.0
543,user29,2020-09-04,2020-09-05 22:19,2.0,2.0,4.0,2.0,3.0,4.0,3.0,3.0,,-1.0,,-1.0
544,user29,2020-09-05,2020-09-06 10:48,4.0,0.0,4.0,4.0,4.0,4.0,3.0,4.0,coffee,300.0,,-1.0
545,user29,2020-09-06,2020-09-07 9:41,3.0,5.0,4.0,2.0,3.0,3.0,4.0,2.0,coffee,300.0,,-1.0
546,user29,2020-09-07,2020-09-08 9:54,3.0,0.0,4.0,4.0,3.0,3.0,3.0,2.0,,-1.0,,-1.0
547,user29,2020-09-08,2020-09-09 10:20,3.0,0.0,4.0,3.0,3.0,3.0,3.0,2.0,,-1.0,,-1.0
548,user29,2020-09-09,2020-09-10 9:15,3.0,0.0,4.0,2.0,3.0,3.0,3.0,3.0,,-1.0,,-1.0
549,user29,2020-09-10,2020-09-11 9:36,3.0,0.0,2.0,2.0,3.0,3.0,3.0,2.0,,-1.0,,-1.0
550,user29,2020-09-11,2020-09-12 11:11,3.0,0.0,4.0,2.0,3.0,4.0,3.0,2.0,,-1.0,soju,300.0
551,user29,2020-09-12,2020-09-13 11:37,4.0,0.0,4.0,2.0,3.0,3.0,4.0,2.0,,-1.0,,-1.0
552,user29,2020-09-13,2020-09-14 9:13,4.0,0.0,4.0,3.0,4.0,3.0,4.0,3.0,,-1.0,,-1.0
553,user29,2020-09-14,2020-09-15 10:42,3.0,6.0,4.0,3.0,3.0,4.0,2.0,2.0,,-1.0,kaoliang,150.0
554,user29,2020-09-15,2020-09-16 9:00,4.0,0.0,4.0,2.0,3.0,3.0,2.0,3.0,,-1.0,,-1.0
555,user29,2020-09-16,2020-09-17 9:29,3.0,0.0,4.0,3.0,3.0,3.0,3.0,2.0,,-1.0,,-1.0
556,user29,2020-09-17,2020-09-18 9:12,3.0,0.0,2.0,4.0,3.0,3.0,3.0,2.0,,-1.0,,-1.0
557,user29,2020-09-18,2020-09-19 9:38,3.0,0.0,4.0,3.0,4.0,3.0,3.0,2.0,,-1.0,,-1.0
558,user29,2020-09-19,2020-09-20 10:02,4.0,0.0,2.0,3.0,3.0,3.0,3.0,3.0,,-1.0,,-1.0
559,user29,2020-09-20,2020-09-21 8:58,4.0,0.0,4.0,3.0,3.0,3.0,3.0,3.0,,-1.0,,-1.0
560,user29,2020-09-21,2020-09-22 9:12,3.0,0.0,4.0,4.0,4.0,3.0,3.0,3.0,,-1.0,,-1.0
561,user29,2020-09-22,2020-09-23 9:09,3.0,0.0,4.0,2.0,3.0,3.0,3.0,3.0,,-1.0,,-1.0
562,user29,2020-09-23,2020-09-24 9:37,3.0,0.0,4.0,2.0,3.0,3.0,3.0,3.0,,-1.0,beer,1000.0
563,user29,2020-09-24,2020-09-25 9:10,3.0,0.0,4.0,4.0,4.0,3.0,3.0,3.0,,-1.0,,-1.0
564,user29,2020-09-25,2020-09-26 11:12,4.0,0.0,2.0,4.0,4.0,4.0,3.0,3.0,,-1.0,,-1.0
565,user29,2020-09-26,2020-09-27 12:05,4.0,0.0,4.0,3.0,3.0,4.0,3.0,3.0,,-1.0,kaoliang,80.0
566,user30,2020-08-31,2020-09-01 8:03,2.0,5.0,4.0,2.0,2.0,4.0,2.0,2.0,coffee,450.0,,-1.0
567,user30,2020-09-01,2020-09-02 8:15,4.0,0.0,4.0,2.0,3.0,4.0,1.0,2.0,,-1.0,,-1.0
568,user30,2020-09-02,2020-09-03 8:14,4.0,0.0,4.0,2.0,3.0,4.0,2.0,2.0,,-1.0,,-1.0
569,user30,2020-09-03,2020-09-04 8:07,4.0,0.0,4.0,2.0,3.0,4.0,2.0,1.0,,-1.0,,-1.0
570,user30,2020-09-04,2020-09-05 8:39,4.0,0.0,4.0,3.0,4.0,4.0,4.0,3.0,,-1.0,,-1.0
571,user30,2020-09-05,2020-09-06 10:18,4.0,0.0,4.0,3.0,4.0,4.0,4.0,4.0,,-1.0,,-1.0
572,user30,2020-09-06,2020-09-07 8:08,2.0,1.0,4.0,2.0,2.0,3.0,3.0,4.0,,-1.0,,-1.0
573,user30,2020-09-07,2020-09-08 8:16,4.0,0.0,4.0,3.0,3.0,3.0,2.0,3.0,,-1.0,,-1.0
574,user30,2020-09-08,2020-09-09 8:10,2.0,0.0,1.0,2.0,2.0,3.0,2.0,1.0,,-1.0,,-1.0
575,user30,2020-09-09,2020-09-10 8:34,2.0,3.0,4.0,2.0,2.0,3.0,3.0,3.0,,-1.0,,-1.0
576,user30,2020-09-10,2020-09-11 8:25,3.0,0.0,4.0,2.0,2.0,3.0,3.0,3.0,,-1.0,,-1.0
577,user30,2020-09-11,2020-09-12 9:50,4.0,0.0,4.0,3.0,3.0,4.0,3.0,1.0,,-1.0,,-1.0
578,user30,2020-09-12,2020-09-13 10:25,3.0,0.0,4.0,2.0,2.0,3.0,3.0,3.0,,-1.0,,-1.0
579,user30,2020-09-13,2020-09-14 8:21,4.0,0.0,4.0,3.0,3.0,3.0,3.0,3.0,,-1.0,,-1.0
580,user30,2020-09-14,2020-09-15 8:16,2.0,1.0,4.0,2.0,2.0,3.0,3.0,2.0,,-1.0,,-1.0
581,user30,2020-09-15,2020-09-16 8:28,3.0,0.0,4.0,3.0,3.0,3.0,2.0,1.0,,-1.0,,-1.0
582,user30,2020-09-16,2020-09-17 8:16,3.0,0.0,4.0,2.0,2.0,3.0,3.0,2.0,,-1.0,,-1.0
583,user30,2020-09-17,2020-09-18 8:53,3.0,0.0,4.0,2.0,2.0,3.0,3.0,3.0,,-1.0,,-1.0
584,user30,2020-09-18,2020-09-19 10:14,3.0,5.0,4.0,3.0,3.0,3.0,3.0,3.0,,-1.0,,-1.0
585,user30,2020-09-19,2020-09-20 9:59,3.0,0.0,4.0,3.0,3.0,4.0,3.0,4.0,,-1.0,,-1.0
586,user30,2020-09-20,2020-09-21 7:51,3.0,0.0,4.0,3.0,3.0,3.0,3.0,3.0,,-1.0,,-1.0
587,user30,2020-09-21,2020-09-22 8:12,3.0,0.0,4.0,2.0,3.0,3.0,3.0,1.0,,-1.0,,-1.0
588,user30,2020-09-22,2020-09-23 8:07,3.0,0.0,4.0,2.0,3.0,3.0,3.0,3.0,,-1.0,,-1.0
589,user30,2020-09-23,2020-09-24 8:06,3.0,0.0,4.0,3.0,2.0,3.0,3.0,3.0,,-1.0,,-1.0
590,user30,2020-09-24,2020-09-25 8:03,4.0,0.0,4.0,2.0,2.0,3.0,3.0,2.0,,-1.0,,-1.0
591,user30,2020-09-25,2020-09-26 9:38,3.0,0.0,4.0,3.0,3.0,3.0,3.0,3.0,,-1.0,,-1.0
592,user30,2020-09-26,2020-09-27 9:28,3.0,0.0,4.0,3.0,3.0,3.0,4.0,5.0,,-1.0,,-1.0
