,userId,night_inputDt,pmEmotion,pmStress,ifUnusual,breakfast,lunch,dinner,lateSnack,amCaffeine,amCaffAmount,pmCaffeine,pmCaffAmount,alcohol,aAmount,date,sleep,inputDt,sleepProblem,dream,amCondition,amEmotion,total_CaffAmount
0,1,2018-11-16 0:32,3.0,1.0,2.0,1.0,3.0,3.0,4.0,,,,,,,2018-11-16,3.0,2018-11-17 11:48,3.0,2.0,4.0,5.0,
0,1,2018-11-17 3:26,5.0,4.0,2.0,1.0,3.0,3.0,,coffee,2.0,,,,,2018-11-17,3.0,2018-11-18 11:36,0.0,4.0,3.0,4.0,
0,1,2018-11-18 23:34,3.0,2.0,2.0,2.0,3.0,3.0,4.0,,,coffee,1.0,,,2018-11-18,4.0,2018-11-19 7:49,6.0,4.0,2.0,2.0,
0,1,2018-11-19 22:10,4.0,2.0,2.0,2.0,3.0,3.0,4.0,coffee,1.0,coffee,1.0,,,2018-11-19,3.0,2018-11-20 9:12,0.0,4.0,1.0,5.0,2.0
0,1,2018-11-21 22:31,3.0,2.0,2.0,1.0,3.0,3.0,2.0,,,,,,,2018-11-21,4.0,2018-11-22 9:09,0.0,4.0,1.0,2.0,
0,1,2018-11-22 23:35,4.0,2.0,2.0,3.0,3.0,3.0,4.0,coffee,3.0,coffee,1.0,,,2018-11-22,5.0,2018-11-23 8:18,0.0,4.0,1.0,2.0,4.0
0,1,2018-11-23 23:46,3.0,1.0,1.0,3.0,3.0,3.0,4.0,,,,,,,2018-11-23,5.0,2018-11-24 7:30,0.0,4.0,1.0,2.0,
0,1,2018-11-27 21:26,4.0,3.0,2.0,3.0,3.0,3.0,3.0,,,,,,,2018-11-27,1.0,2018-11-28 8:35,0.0,4.0,1.0,1.0,
0,2,2018-11-16 22:36,2.0,1.0,1.0,4.0,2.0,3.0,3.0,,,,,beer,5.0,2018-11-16,3.0,2018-11-17 9:10,5.0,4.0,3.0,3.0,
0,2,2018-11-26 23:20,4.0,3.0,,2.0,2.0,2.0,,,,,,,,2018-11-26,1.0,2018-11-27 19:43,0.0,4.0,2.0,4.0,
0,2,2018-11-27 19:43,4.0,4.0,,2.0,2.0,2.0,,,,,,,,2018-11-27,2.0,2018-11-28 18:58,1.0,4.0,2.0,3.0,
0,3,2018-10-31 23:48,3.0,1.0,2.0,4.0,2.0,2.0,4.0,,,coffee,1.0,,,2018-10-31,2.0,2018-11-01 11:58,2.0,4.0,2.0,3.0,
0,3,2018-11-01 23:36,3.0,2.0,2.0,4.0,2.0,2.0,4.0,,,,,,,2018-11-01,3.0,2018-11-02 10:48,0.0,4.0,2.0,3.0,
0,3,2018-11-06 22:03,3.0,2.0,2.0,2.0,2.0,2.0,2.0,,,,,,,2018-11-06,2.0,2018-11-07 9:50,7.0,1.0,1.0,2.0,
0,3,2018-11-07 21:14,2.0,1.0,2.0,4.0,1.0,2.0,,,,,,,,2018-11-07,3.0,2018-11-08 11:50,2.0,2.0,2.0,3.0,
0,3,2018-11-08 23:02,3.0,3.0,2.0,4.0,2.0,3.0,4.0,,,,,,,2018-11-08,2.0,2018-11-09 10:15,2.0,4.0,2.0,3.0,
0,3,2018-11-09 22:37,3.0,2.0,1.0,4.0,2.0,3.0,4.0,,,,,,,2018-11-09,3.0,2018-11-10 12:22,2.0,2.0,3.0,3.0,
0,3,2018-11-10 23:30,3.0,2.0,2.0,4.0,2.0,2.0,4.0,,,,,,,2018-11-10,4.0,2018-11-11 11:44,0.0,4.0,3.0,3.0,
0,3,2018-11-11 21:57,3.0,2.0,2.0,4.0,1.0,3.0,4.0,,,,,,,2018-11-11,2.0,2018-11-12 8:20,5.0,4.0,2.0,3.0,
0,4,2018-10-30 16:55,1.0,2.0,2.0,3.0,3.0,3.0,3.0,,,,,,,2018-10-30,1.0,2018-10-31 10:15,7.0,1.0,1.0,1.0,
0,4,2018-10-31 22:12,1.0,1.0,2.0,4.0,4.0,1.0,4.0,coffee,1.0,,,,,2018-10-31,1.0,2018-11-01 8:02,7.0,1.0,1.0,1.0,
0,4,2018-11-01 19:33,1.0,1.0,2.0,4.0,4.0,3.0,4.0,coffee,2.0,,,,,2018-11-01,1.0,2018-11-02 7:33,7.0,1.0,1.0,1.0,
0,4,2018-11-02 20:28,3.0,1.0,2.0,4.0,2.0,3.0,4.0,coffee,1.0,caffeinated drink,1.0,,,2018-11-02,2.0,2018-11-03 11:16,2.0,1.0,1.0,1.0,2.0
0,4,2018-11-04 20:48,1.0,1.0,1.0,4.0,4.0,3.0,3.0,coffee,2.0,coffee,1.0,,,2018-11-04,2.0,2018-11-05 7:29,2.0,1.0,1.0,1.0,3.0
0,4,2018-11-05 19:31,1.0,1.0,2.0,4.0,2.0,2.0,4.0,coffee,1.0,coffee,1.0,,,2018-11-05,2.0,2018-11-06 7:36,4.0,1.0,1.0,2.0,2.0
0,4,2018-11-06 18:35,2.0,1.0,2.0,3.0,1.0,1.0,4.0,coffee,1.0,coffee,1.0,,,2018-11-06,2.0,2018-11-07 8:45,4.0,1.0,1.0,1.0,2.0
0,4,2018-11-07 19:28,3.0,1.0,2.0,3.0,2.0,3.0,4.0,,,,,,,2018-11-07,2.0,2018-11-08 8:01,4.0,4.0,2.0,2.0,
0,4,2018-11-08 19:26,3.0,2.0,2.0,4.0,2.0,1.0,4.0,,,coffee,1.0,,,2018-11-08,2.0,2018-11-09 7:48,4.0,4.0,1.0,2.0,
0,4,2018-11-09 20:31,3.0,2.0,2.0,2.0,1.0,3.0,3.0,coffee,1.0,coffee,1.0,soju,1.0,2018-11-09,3.0,2018-11-10 11:45,4.0,4.0,2.0,2.0,2.0
0,4,2018-11-10 21:18,3.0,2.0,1.0,2.0,2.0,1.0,1.0,coffee,1.0,,,,,2018-11-10,2.0,2018-11-11 11:03,4.0,4.0,2.0,3.0,
0,4,2018-11-11 20:57,2.0,1.0,1.0,3.0,4.0,3.0,1.0,coffee,1.0,,,,,2018-11-11,2.0,2018-11-12 9:56,4.0,4.0,2.0,3.0,
0,4,2018-11-12 20:45,2.0,1.0,2.0,3.0,4.0,1.0,4.0,coffee,1.0,coffee,1.0,,,2018-11-12,2.0,2018-11-13 10:34,4.0,4.0,1.0,2.0,2.0
0,5,2018-10-30 18:17,4.0,2.0,2.0,2.0,2.0,2.0,2.0,,,coffee,1.0,,,2018-10-30,4.0,2018-10-31 8:17,3.0,4.0,4.0,3.0,
0,5,2018-10-31 21:04,2.0,1.0,1.0,3.0,4.0,4.0,4.0,coffee,1.0,,,,,2018-10-31,4.0,2018-11-01 7:20,0.0,4.0,2.0,3.0,
0,5,2018-11-01 21:14,4.0,4.0,2.0,3.0,2.0,3.0,4.0,,,coffee,1.0,,,2018-11-01,3.0,2018-11-02 6:44,0.0,4.0,2.0,3.0,
0,5,2018-11-02 21:20,4.0,3.0,2.0,3.0,2.0,3.0,4.0,coffee,1.0,,,,,2018-11-02,4.0,2018-11-03 7:20,0.0,4.0,4.0,3.0,
0,5,2018-11-03 20:28,3.0,1.0,2.0,2.0,3.0,4.0,4.0,coffee,1.0,coffee,1.0,,,2018-11-03,3.0,2018-11-04 7:08,0.0,4.0,2.0,2.0,2.0
0,5,2018-11-04 20:53,4.0,2.0,2.0,3.0,1.0,4.0,3.0,coffee,1.0,coffee,2.0,,,2018-11-04,4.0,2018-11-05 7:48,0.0,4.0,4.0,2.0,3.0
0,5,2018-11-06 20:37,4.0,2.0,2.0,3.0,1.0,4.0,3.0,coffee,1.0,coffee,2.0,,,2018-11-06,3.0,2018-11-07 7:38,3.0,4.0,2.0,2.0,3.0
0,5,2018-11-07 20:26,4.0,3.0,2.0,3.0,3.0,1.0,4.0,coffee,1.0,coffee,1.0,,,2018-11-07,2.0,2018-11-08 8:30,2.0,1.0,2.0,1.0,2.0
0,5,2018-11-08 20:42,3.0,4.0,2.0,3.0,3.0,2.0,3.0,,,coffee,1.0,,,2018-11-08,4.0,2018-11-09 8:21,0.0,4.0,4.0,4.0,
0,5,2018-11-09 21:10,4.0,3.0,2.0,3.0,1.0,3.0,4.0,,,coffee,1.0,,,2018-11-09,4.0,2018-11-10 7:28,3.0,4.0,4.0,3.0,
0,5,2018-11-10 20:43,4.0,4.0,2.0,3.0,1.0,4.0,3.0,,,coffee,1.0,beer,1.0,2018-11-10,3.0,2018-11-11 8:23,3.0,1.0,3.0,3.0,
0,5,2018-11-11 20:40,4.0,3.0,2.0,3.0,3.0,4.0,2.0,,,coffee,1.0,,,2018-11-11,2.0,2018-11-12 7:27,3.0,4.0,2.0,2.0,
0,5,2018-11-12 22:11,2.0,1.0,2.0,3.0,1.0,4.0,4.0,coffee,1.0,coffee,1.0,,,2018-11-12,4.0,2018-11-13 7:41,3.0,4.0,2.0,3.0,2.0
0,6,2018-10-31 18:51,3.0,3.0,2.0,2.0,2.0,2.0,2.0,,,,,,,2018-10-31,4.0,2018-11-01 8:19,2.0,2.0,2.0,3.0,
0,6,2018-11-04 7:20,3.0,3.0,2.0,2.0,2.0,2.0,4.0,,,,,,,2018-11-04,3.0,2018-11-05 6:59,0.0,2.0,3.0,3.0,
0,6,2018-11-05 22:02,3.0,4.0,2.0,2.0,2.0,4.0,4.0,,,,,,,2018-11-05,3.0,2018-11-06 8:57,9.0,2.0,3.0,3.0,
0,6,2018-11-06 22:40,3.0,3.0,2.0,2.0,2.0,2.0,,,,,,,,2018-11-06,4.0,2018-11-07 8:05,9.0,2.0,3.0,3.0,
0,6,2018-11-09 23:23,3.0,3.0,2.0,2.0,2.0,2.0,,,,,,,,2018-11-09,3.0,2018-11-10 9:34,9.0,2.0,3.0,3.0,
0,6,2018-11-12 23:02,3.0,3.0,2.0,2.0,2.0,2.0,,,,,,,,2018-11-12,3.0,2018-11-13 9:02,9.0,2.0,3.0,3.0,
0,7,2018-10-31 19:26,4.0,3.0,2.0,4.0,2.0,2.0,4.0,coffee,1.0,coffee,1.0,,,2018-10-31,3.0,2018-11-01 7:24,1.0,2.0,4.0,4.0,2.0
0,7,2018-11-01 19:23,3.0,2.0,2.0,4.0,3.0,3.0,4.0,coffee,1.0,coffee,1.0,,,2018-11-01,4.0,2018-11-02 7:32,2.0,2.0,3.0,4.0,2.0
0,7,2018-11-02 19:46,3.0,1.0,2.0,4.0,3.0,3.0,4.0,coffee,1.0,coffee,2.0,,,2018-11-02,4.0,2018-11-03 7:53,0.0,2.0,4.0,3.0,3.0
0,7,2018-11-03 20:42,4.0,4.0,2.0,3.0,3.0,3.0,4.0,,,coffee,1.0,beer,1.0,2018-11-03,3.0,2018-11-04 7:36,2.0,2.0,3.0,2.0,
0,7,2018-11-04 19:31,4.0,4.0,2.0,4.0,3.0,3.0,4.0,coffee,1.0,coffee,1.0,,,2018-11-04,2.0,2018-11-05 7:43,1.0,2.0,2.0,3.0,2.0
0,7,2018-11-05 19:58,2.0,2.0,2.0,4.0,2.0,3.0,4.0,,,coffee,1.0,,,2018-11-05,4.0,2018-11-06 7:27,1.0,2.0,3.0,3.0,
0,7,2018-11-06 20:01,3.0,2.0,2.0,4.0,2.0,3.0,4.0,,,coffee,1.0,,,2018-11-06,4.0,2018-11-07 7:12,0.0,2.0,3.0,3.0,
0,7,2018-11-07 19:56,3.0,2.0,2.0,4.0,2.0,2.0,4.0,coffee,1.0,coffee,1.0,,,2018-11-07,4.0,2018-11-08 7:28,0.0,2.0,3.0,4.0,2.0
0,7,2018-11-08 20:44,3.0,2.0,2.0,4.0,3.0,2.0,4.0,coffee,1.0,coffee,2.0,,,2018-11-08,4.0,2018-11-09 7:19,0.0,3.0,3.0,3.0,3.0
0,7,2018-11-09 19:21,3.0,3.0,2.0,4.0,3.0,4.0,4.0,coffee,1.0,coffee,1.0,,,2018-11-09,3.0,2018-11-10 9:48,0.0,2.0,2.0,3.0,2.0
0,7,2018-11-10 21:57,3.0,4.0,2.0,4.0,3.0,3.0,4.0,,,,,,,2018-11-10,4.0,2018-11-11 9:10,2.0,2.0,3.0,4.0,
0,7,2018-11-12 19:33,3.0,3.0,2.0,4.0,3.0,3.0,,,,coffee,1.0,,,2018-11-12,3.0,2018-11-13 7:22,1.0,2.0,3.0,3.0,
0,8,2018-10-31 19:54,4.0,2.0,2.0,4.0,2.0,3.0,4.0,,,coke,1.0,,,2018-10-31,2.0,2018-11-01 7:41,2.0,4.0,2.0,2.0,
0,8,2018-11-01 20:27,3.0,3.0,2.0,4.0,3.0,3.0,4.0,,,,,,,2018-11-01,1.0,2018-11-02 8:08,1.0,4.0,2.0,3.0,
0,8,2018-11-02 23:41,5.0,3.0,2.0,3.0,2.0,3.0,3.0,coffee,1.0,,,wine,1.0,2018-11-02,2.0,2018-11-03 10:46,2.0,4.0,2.0,4.0,
0,8,2018-11-04 0:31,4.0,4.0,1.0,3.0,3.0,3.0,3.0,,,coffee,2.0,,,2018-11-04,2.0,2018-11-05 7:42,6.0,4.0,2.0,3.0,
0,8,2018-11-05 20:48,4.0,2.0,2.0,3.0,3.0,3.0,4.0,coffee,2.0,,,beer,1.0,2018-11-05,3.0,2018-11-06 8:11,6.0,4.0,2.0,3.0,
0,8,2018-11-06 21:07,3.0,2.0,2.0,2.0,3.0,2.0,4.0,,,coffee,1.0,,,2018-11-06,2.0,2018-11-07 21:39,0.0,4.0,2.0,3.0,
0,8,2018-11-07 21:39,3.0,3.0,2.0,2.0,3.0,3.0,4.0,coffee,1.0,,,,,2018-11-07,2.0,2018-11-08 8:05,0.0,3.0,2.0,3.0,
0,8,2018-11-08 20:27,1.0,1.0,1.0,4.0,2.0,2.0,4.0,,,,,,,2018-11-08,1.0,2018-11-09 7:36,2.0,4.0,2.0,3.0,
0,8,2018-11-09 21:33,4.0,3.0,2.0,4.0,2.0,2.0,4.0,coffee,1.0,coffee,1.0,,,2018-11-09,1.0,2018-11-10 10:39,2.0,4.0,2.0,3.0,2.0
0,8,2018-11-10 22:37,4.0,4.0,2.0,2.0,2.0,3.0,4.0,coffee,1.0,,,,,2018-11-10,1.0,2018-11-11 9:37,1.0,4.0,2.0,3.0,
0,8,2018-11-11 21:12,4.0,3.0,2.0,2.0,3.0,3.0,4.0,,,coffee,2.0,,,2018-11-11,3.0,2018-11-12 21:51,2.0,3.0,3.0,3.0,
0,9,2018-11-01 21:02,3.0,4.0,1.0,2.0,3.0,3.0,4.0,coffee,2.0,tea,1.0,beer,2.0,2018-11-01,2.0,2018-11-02 8:11,9.0,4.0,2.0,2.0,3.0
0,9,2018-11-02 20:30,3.0,4.0,2.0,2.0,3.0,3.0,4.0,coffee,2.0,coffee,1.0,,,2018-11-02,3.0,2018-11-03 7:48,4.0,4.0,2.0,3.0,3.0
0,9,2018-11-03 21:22,4.0,4.0,2.0,1.0,2.0,3.0,3.0,coffee,1.0,,,beer,3.0,2018-11-03,2.0,2018-11-04 7:51,4.0,4.0,2.0,3.0,
0,9,2018-11-04 22:07,2.0,4.0,2.0,3.0,3.0,3.0,,coffee,1.0,,,,,2018-11-04,4.0,2018-11-05 8:27,3.0,4.0,3.0,3.0,
0,9,2018-11-05 21:42,3.0,1.0,1.0,2.0,3.0,4.0,2.0,coffee,1.0,coffee,2.0,,,2018-11-05,3.0,2018-11-06 7:32,0.0,4.0,3.0,3.0,3.0
0,9,2018-11-06 20:59,3.0,2.0,2.0,2.0,2.0,2.0,,coffee,2.0,coffee,2.0,,,2018-11-06,3.0,2018-11-07 8:00,0.0,4.0,2.0,3.0,4.0
0,9,2018-11-07 22:09,4.0,4.0,2.0,3.0,3.0,3.0,,coffee,1.0,coffee,2.0,,,2018-11-07,3.0,2018-11-08 8:19,3.0,4.0,3.0,3.0,3.0
0,9,2018-11-08 21:23,4.0,4.0,2.0,3.0,3.0,3.0,,coffee,2.0,coffee,2.0,,,2018-11-08,3.0,2018-11-09 8:59,0.0,4.0,3.0,3.0,4.0
0,9,2018-11-09 23:28,4.0,4.0,2.0,3.0,3.0,3.0,,coffee,1.0,coffee,2.0,beer,2.0,2018-11-09,3.0,2018-11-10 9:10,0.0,4.0,2.0,3.0,3.0
0,9,2018-11-10 22:07,4.0,4.0,2.0,3.0,3.0,3.0,,,,coffee,2.0,beer,3.0,2018-11-10,4.0,2018-11-11 9:36,4.0,4.0,3.0,3.0,
0,9,2018-11-11 23:28,4.0,4.0,2.0,3.0,3.0,3.0,,coffee,2.0,,,,,2018-11-11,3.0,2018-11-12 7:39,0.0,2.0,3.0,3.0,
0,9,2018-11-12 22:15,3.0,3.0,2.0,3.0,3.0,3.0,3.0,coffee,1.0,coffee,2.0,beer,1.0,2018-11-12,2.0,2018-11-13 8:17,0.0,4.0,2.0,3.0,3.0
0,10,2018-11-03 12:19,3.0,3.0,2.0,2.0,2.0,2.0,2.0,,,,,,,2018-11-03,4.0,2018-11-04 12:41,9.0,4.0,4.0,3.0,
0,10,2018-11-05 22:37,3.0,2.0,2.0,2.0,2.0,2.0,2.0,coffee,2.0,,,,,2018-11-05,1.0,2018-11-06 8:43,0.0,2.0,3.0,3.0,
0,10,2018-11-06 21:42,3.0,3.0,2.0,2.0,2.0,2.0,,coffee,1.0,,,,,2018-11-06,1.0,2018-11-07 8:42,2.0,2.0,2.0,1.0,
0,11,2018-11-01 21:50,4.0,2.0,2.0,4.0,4.0,3.0,4.0,coffee,1.0,,,,,2018-11-01,4.0,2018-11-02 11:30,1.0,4.0,2.0,2.0,
0,11,2018-11-02 23:34,3.0,2.0,2.0,4.0,3.0,3.0,3.0,,,,,,,2018-11-02,4.0,2018-11-03 13:25,1.0,2.0,3.0,3.0,
0,11,2018-11-03 23:55,3.0,1.0,2.0,4.0,3.0,3.0,4.0,,,coffee,1.0,,,2018-11-03,2.0,2018-11-04 18:11,1.0,2.0,1.0,2.0,
0,11,2018-11-04 23:50,2.0,2.0,2.0,4.0,3.0,3.0,4.0,,,,,,,2018-11-04,1.0,2018-11-05 9:18,0.0,4.0,1.0,1.0,
0,11,2018-11-05 23:24,4.0,2.0,2.0,3.0,3.0,4.0,3.0,,,coffee,1.0,,,2018-11-05,4.0,2018-11-06 15:51,0.0,4.0,3.0,2.0,
0,11,2018-11-06 23:28,3.0,2.0,2.0,4.0,4.0,3.0,4.0,,,coffee,1.0,,,2018-11-06,2.0,2018-11-07 13:32,0.0,4.0,2.0,3.0,
0,11,2018-11-07 23:28,2.0,1.0,2.0,4.0,3.0,3.0,4.0,,,coffee,1.0,,,2018-11-07,4.0,2018-11-08 15:51,0.0,4.0,3.0,2.0,
0,11,2018-11-08 23:32,3.0,1.0,2.0,4.0,4.0,3.0,4.0,,,coffee,1.0,,,2018-11-08,1.0,2018-11-09 7:14,0.0,4.0,2.0,2.0,
0,11,2018-11-09 23:23,3.0,2.0,1.0,4.0,3.0,3.0,4.0,,,,,,,2018-11-09,4.0,2018-11-10 18:35,0.0,2.0,2.0,4.0,
0,11,2018-11-10 23:26,3.0,3.0,1.0,4.0,4.0,3.0,4.0,,,,,,,2018-11-10,4.0,2018-11-11 15:36,0.0,4.0,3.0,3.0,
0,11,2018-11-11 23:42,3.0,3.0,2.0,4.0,4.0,3.0,4.0,,,,,,,2018-11-11,4.0,2018-11-12 16:05,0.0,4.0,3.0,3.0,
0,11,2018-11-12 23:42,3.0,4.0,2.0,4.0,4.0,2.0,4.0,,,,,,,2018-11-12,4.0,2018-11-13 15:21,5.0,4.0,3.0,3.0,
0,12,2018-10-31 23:02,5.0,5.0,,4.0,3.0,4.0,4.0,coffee,1.0,coffee,1.0,,,2018-10-31,5.0,2018-11-01 8:06,0.0,4.0,4.0,4.0,2.0
0,12,2018-11-01 21:19,4.0,5.0,,4.0,2.0,4.0,4.0,,,coffee,1.0,,,2018-11-01,4.0,2018-11-02 7:54,0.0,4.0,3.0,3.0,
0,12,2018-11-05 18:10,4.0,5.0,,4.0,3.0,4.0,4.0,,,coffee,1.0,,,2018-11-05,4.0,2018-11-06 7:54,8.0,4.0,4.0,4.0,
0,12,2018-11-06 22:23,5.0,5.0,,4.0,3.0,4.0,3.0,,,coffee,1.0,,,2018-11-06,4.0,2018-11-07 7:24,0.0,4.0,3.0,4.0,
0,12,2018-11-07 20:57,4.0,5.0,,4.0,2.0,2.0,4.0,,,coffee,1.0,,,2018-11-07,4.0,2018-11-08 8:22,0.0,4.0,2.0,4.0,
0,12,2018-11-08 21:13,4.0,5.0,,4.0,3.0,4.0,4.0,coffee,1.0,coffee,1.0,,,2018-11-08,4.0,2018-11-09 8:27,0.0,4.0,2.0,3.0,2.0
0,13,2018-10-31 23:00,5.0,2.0,2.0,4.0,3.0,3.0,4.0,,,,,,,2018-10-31,3.0,2018-11-01 8:42,0.0,4.0,2.0,3.0,
0,13,2018-11-01 22:28,5.0,4.0,2.0,4.0,3.0,3.0,4.0,,,,,,,2018-11-01,3.0,2018-11-02 8:16,1.0,4.0,2.0,3.0,
0,13,2018-11-02 21:41,3.0,2.0,2.0,4.0,3.0,3.0,,,,,,,,2018-11-02,2.0,2018-11-03 12:54,3.0,2.0,1.0,3.0,
0,13,2018-11-05 22:44,4.0,3.0,2.0,4.0,3.0,3.0,,,,,,,,2018-11-05,2.0,2018-11-06 10:25,1.0,2.0,2.0,2.0,
0,13,2018-11-06 21:16,3.0,3.0,2.0,4.0,3.0,3.0,,,,,,,,2018-11-06,3.0,2018-11-07 12:58,5.0,4.0,2.0,3.0,
0,13,2018-11-07 23:54,3.0,2.0,2.0,4.0,3.0,3.0,,,,,,,,2018-11-07,5.0,2018-11-08 9:59,5.0,4.0,2.0,4.0,
0,13,2018-11-09 10:57,5.0,2.0,1.0,4.0,2.0,3.0,,,,,,,,2018-11-09,5.0,2018-11-10 13:58,3.0,4.0,1.0,3.0,
0,13,2018-11-10 23:32,5.0,2.0,2.0,4.0,3.0,3.0,,,,,,,,2018-11-10,2.0,2018-11-11 15:33,1.0,4.0,1.0,2.0,
0,13,2018-11-11 22:29,4.0,4.0,2.0,4.0,3.0,3.0,,,,,,,,2018-11-11,2.0,2018-11-12 13:11,4.0,2.0,1.0,2.0,
0,14,2018-10-31 23:21,2.0,1.0,2.0,4.0,2.0,2.0,3.0,coffee,2.0,,,,,2018-10-31,3.0,2018-11-01 9:24,0.0,4.0,4.0,3.0,
0,14,2018-11-01 21:38,3.0,2.0,1.0,2.0,2.0,2.0,,coffee,1.0,,,,,2018-11-01,2.0,2018-11-02 8:01,2.0,4.0,1.0,1.0,
0,14,2018-11-02 22:08,2.0,1.0,1.0,4.0,2.0,2.0,3.0,coffee,1.0,,,,,2018-11-02,4.0,2018-11-03 13:44,0.0,4.0,4.0,4.0,
0,14,2018-11-04 2:24,2.0,1.0,1.0,4.0,2.0,3.0,4.0,coffee,1.0,,,,,2018-11-04,2.0,2018-11-05 8:22,0.0,4.0,1.0,1.0,
0,14,2018-11-07 21:26,2.0,1.0,1.0,3.0,3.0,3.0,3.0,coffee,1.0,,,,,2018-11-07,1.0,2018-11-08 5:57,9.0,4.0,1.0,2.0,
0,14,2018-11-09 21:20,1.0,1.0,1.0,1.0,2.0,2.0,4.0,coffee,1.0,,,,,2018-11-09,5.0,2018-11-10 14:03,0.0,4.0,3.0,3.0,
0,14,2018-11-10 23:15,5.0,2.0,1.0,3.0,4.0,3.0,3.0,,,,,,,2018-11-10,4.0,2018-11-11 14:45,6.0,4.0,5.0,3.0,
0,14,2018-11-11 23:36,3.0,2.0,1.0,4.0,3.0,3.0,3.0,,,coffee,1.0,,,2018-11-11,4.0,2018-11-12 8:59,4.0,4.0,3.0,3.0,
0,14,2018-11-12 21:47,3.0,2.0,1.0,4.0,2.0,2.0,4.0,coffee,1.0,coffee,1.0,,,2018-11-12,3.0,2018-11-13 23:12,9.0,4.0,3.0,3.0,2.0
0,15,2018-11-01 21:32,3.0,1.0,2.0,4.0,1.0,2.0,4.0,coffee,2.0,coffee,2.0,,,2018-11-01,3.0,2018-11-02 9:32,8.0,4.0,2.0,2.0,4.0
0,15,2018-11-02 22:19,3.0,1.0,2.0,2.0,1.0,2.0,4.0,coffee,2.0,coffee,3.0,,,2018-11-02,2.0,2018-11-03 10:44,0.0,4.0,1.0,1.0,5.0
0,15,2018-11-03 22:55,3.0,1.0,2.0,4.0,2.0,3.0,4.0,coffee,2.0,coffee,3.0,beer,1.0,2018-11-03,1.0,2018-11-04 11:00,7.0,1.0,2.0,1.0,5.0
0,15,2018-11-04 23:59,2.0,2.0,2.0,1.0,2.0,2.0,,coffee,2.0,coffee,2.0,,,2018-11-04,2.0,2018-11-05 11:05,0.0,4.0,2.0,3.0,4.0
0,15,2018-11-06 23:21,3.0,3.0,2.0,1.0,2.0,2.0,,coffee,2.0,coffee,2.0,,,2018-11-06,2.0,2018-11-07 9:56,2.0,4.0,2.0,3.0,4.0
0,15,2018-11-07 23:19,3.0,2.0,2.0,2.0,1.0,2.0,,coffee,2.0,coffee,1.0,,,2018-11-07,2.0,2018-11-08 11:13,2.0,4.0,1.0,3.0,3.0
0,15,2018-11-09 23:29,3.0,3.0,2.0,1.0,2.0,2.0,,coffee,2.0,coffee,1.0,,,2018-11-09,2.0,2018-11-10 10:03,2.0,4.0,2.0,2.0,3.0
0,15,2018-11-11 0:15,3.0,3.0,2.0,2.0,1.0,2.0,,coffee,2.0,coffee,1.0,,,2018-11-11,2.0,2018-11-12 9:16,7.0,1.0,2.0,2.0,3.0
0,16,2018-11-01 23:04,3.0,1.0,2.0,4.0,3.0,2.0,4.0,coffee,1.0,coffee,2.0,,,2018-11-01,4.0,2018-11-02 12:48,1.0,4.0,2.0,1.0,3.0
0,16,2018-11-07 22:32,2.0,2.0,2.0,2.0,2.0,2.0,4.0,,,,,,,2018-11-07,3.0,2018-11-08 10:05,0.0,4.0,2.0,2.0,
0,17,2018-10-31 20:02,3.0,3.0,2.0,4.0,2.0,3.0,4.0,,,,,,,2018-10-31,3.0,2018-11-01 8:52,3.0,1.0,2.0,2.0,
0,17,2018-11-01 20:03,3.0,4.0,2.0,4.0,3.0,3.0,4.0,,,,,,,2018-11-01,4.0,2018-11-02 9:12,0.0,4.0,3.0,4.0,
0,17,2018-11-05 19:41,4.0,4.0,2.0,4.0,3.0,3.0,4.0,,,,,,,2018-11-05,4.0,2018-11-06 9:20,5.0,4.0,3.0,3.0,
0,17,2018-11-06 21:30,3.0,3.0,2.0,4.0,3.0,3.0,4.0,,,,,wine,1.0,2018-11-06,3.0,2018-11-07 9:50,5.0,4.0,3.0,3.0,
0,18,2018-11-16 23:43,3.0,3.0,2.0,3.0,3.0,4.0,4.0,,,,,,,2018-11-16,2.0,2018-11-17 21:14,5.0,4.0,2.0,2.0,
0,18,2018-11-17 21:14,4.0,2.0,2.0,4.0,2.0,2.0,3.0,,,,,,,2018-11-17,3.0,2018-11-18 13:02,5.0,4.0,2.0,2.0,
0,18,2018-11-20 21:27,4.0,2.0,2.0,4.0,2.0,3.0,4.0,,,,,,,2018-11-20,4.0,2018-11-21 13:15,5.0,2.0,2.0,3.0,
0,18,2018-11-23 22:18,4.0,2.0,2.0,4.0,2.0,4.0,3.0,,,,,,,2018-11-23,3.0,2018-11-24 15:02,0.0,4.0,2.0,2.0,
0,18,2018-11-24 22:21,4.0,2.0,2.0,4.0,2.0,3.0,3.0,,,,,,,2018-11-24,3.0,2018-11-25 10:43,5.0,4.0,2.0,2.0,
0,18,2018-11-27 23:14,4.0,4.0,2.0,4.0,3.0,3.0,4.0,,,,,,,2018-11-27,4.0,2018-11-28 8:38,0.0,4.0,4.0,3.0,
0,19,2018-11-17 0:12,4.0,2.0,2.0,4.0,3.0,3.0,4.0,,,,,,,2018-11-17,3.0,2018-11-18 10:13,0.0,1.0,3.0,4.0,
0,19,2018-11-19 0:40,4.0,4.0,2.0,4.0,2.0,2.0,,,,,,,,2018-11-19,3.0,2018-11-20 8:13,0.0,2.0,2.0,3.0,
0,19,2018-11-20 21:25,3.0,2.0,2.0,4.0,3.0,3.0,,,,,,,,2018-11-20,3.0,2018-11-21 8:21,5.0,2.0,2.0,3.0,
0,19,2018-11-22 2:07,3.0,2.0,2.0,3.0,3.0,,,,,,,,,2018-11-22,2.0,2018-11-23 11:11,0.0,2.0,2.0,2.0,
0,19,2018-11-24 23:42,3.0,2.0,2.0,4.0,3.0,3.0,3.0,,,,,soju,1.0,2018-11-24,1.0,2018-11-25 8:58,3.0,2.0,3.0,3.0,
0,19,2018-11-26 22:16,3.0,1.0,2.0,3.0,3.0,3.0,,,,,,,,2018-11-26,3.0,2018-11-27 7:56,5.0,2.0,2.0,3.0,
0,19,2018-11-27 20:14,3.0,2.0,2.0,2.0,2.0,2.0,,,,,,,,2018-11-27,4.0,2018-11-28 8:37,5.0,1.0,4.0,1.0,
0,20,2018-11-15 23:53,3.0,3.0,2.0,4.0,2.0,2.0,2.0,coffee,3.0,,,,,2018-11-15,2.0,2018-11-16 10:24,1.0,4.0,2.0,2.0,
0,20,2018-11-17 23:13,5.0,4.0,1.0,2.0,4.0,3.0,2.0,coffee,1.0,,,beer,3.0,2018-11-17,1.0,2018-11-18 12:07,0.0,2.0,2.0,2.0,
0,20,2018-11-22 22:57,4.0,4.0,2.0,3.0,2.0,2.0,4.0,coffee,1.0,coffee,1.0,,,2018-11-22,5.0,2018-11-23 10:18,3.0,3.0,4.0,4.0,2.0
0,20,2018-11-26 23:37,3.0,3.0,2.0,4.0,2.0,2.0,4.0,,,coffee,2.0,,,2018-11-26,2.0,2018-11-27 10:02,1.0,2.0,2.0,3.0,
0,20,2018-11-27 23:31,4.0,4.0,2.0,2.0,2.0,2.0,2.0,coffee,1.0,coffee,1.0,,,2018-11-27,4.0,2018-11-28 10:12,1.0,2.0,3.0,4.0,2.0
0,21,2018-11-16 21:24,4.0,3.0,1.0,1.0,2.0,4.0,4.0,coffee,1.0,,,,,2018-11-16,4.0,2018-11-17 8:01,0.0,4.0,2.0,2.0,
0,21,2018-11-18 21:35,3.0,1.0,2.0,1.0,3.0,1.0,1.0,,,,,,,2018-11-18,4.0,2018-11-19 11:31,0.0,4.0,4.0,4.0,
0,21,2018-11-19 22:46,5.0,2.0,2.0,4.0,3.0,3.0,4.0,,,,,,,2018-11-19,5.0,2018-11-20 8:02,0.0,4.0,2.0,4.0,
0,21,2018-11-21 21:36,4.0,2.0,2.0,4.0,3.0,3.0,4.0,,,,,,,2018-11-21,4.0,2018-11-22 11:12,0.0,4.0,4.0,5.0,
0,21,2018-11-24 22:14,4.0,2.0,2.0,4.0,3.0,3.0,4.0,,,,,,,2018-11-24,2.0,2018-11-25 6:25,0.0,4.0,1.0,3.0,
0,21,2018-11-25 21:31,3.0,5.0,2.0,3.0,1.0,3.0,,,,,,soju,1.0,2018-11-25,4.0,2018-11-26 11:40,0.0,4.0,3.0,4.0,
0,21,2018-11-26 23:31,3.0,4.0,2.0,4.0,3.0,3.0,4.0,,,,,,,2018-11-26,4.0,2018-11-27 7:05,0.0,4.0,3.0,4.0,
0,22,2018-11-15 21:49,3.0,2.0,2.0,2.0,2.0,2.0,4.0,,,,,,,2018-11-15,3.0,2018-11-16 9:14,5.0,4.0,3.0,4.0,
0,22,2018-11-16 21:42,3.0,2.0,2.0,2.0,2.0,2.0,4.0,,,,,,,2018-11-16,3.0,2018-11-17 7:35,2.0,4.0,3.0,3.0,
0,22,2018-11-17 22:02,3.0,1.0,1.0,2.0,2.0,2.0,4.0,,,,,,,2018-11-17,3.0,2018-11-18 9:40,3.0,4.0,2.0,3.0,
0,22,2018-11-19 22:13,2.0,3.0,2.0,2.0,2.0,2.0,,,,,,,,2018-11-19,2.0,2018-11-20 9:07,9.0,4.0,2.0,3.0,
0,22,2018-11-20 21:57,3.0,3.0,2.0,2.0,2.0,2.0,,,,,,,,2018-11-20,3.0,2018-11-21 9:17,2.0,4.0,3.0,3.0,
0,22,2018-11-21 21:59,3.0,3.0,2.0,2.0,2.0,2.0,,,,coffee,1.0,,,2018-11-21,3.0,2018-11-22 8:59,2.0,4.0,3.0,3.0,
0,22,2018-11-22 21:24,2.0,1.0,2.0,2.0,2.0,1.0,,,,,,,,2018-11-22,2.0,2018-11-23 8:29,5.0,4.0,1.0,1.0,
0,22,2018-11-23 21:07,3.0,2.0,2.0,2.0,4.0,2.0,,,,,,,,2018-11-23,4.0,2018-11-24 9:29,0.0,4.0,4.0,4.0,
0,22,2018-11-24 22:09,3.0,2.0,2.0,2.0,2.0,2.0,,,,,,,,2018-11-24,3.0,2018-11-25 9:29,0.0,4.0,3.0,3.0,
0,22,2018-11-25 21:48,3.0,3.0,2.0,2.0,2.0,2.0,,,,,,,,2018-11-25,3.0,2018-11-26 9:22,0.0,4.0,3.0,3.0,
0,22,2018-11-26 21:42,3.0,3.0,2.0,2.0,2.0,2.0,,,,,,,,2018-11-26,3.0,2018-11-27 7:16,1.0,4.0,3.0,3.0,
0,22,2018-11-27 21:23,3.0,3.0,2.0,2.0,2.0,2.0,,,,,,,,2018-11-27,3.0,2018-11-28 9:05,1.0,4.0,3.0,3.0,
0,23,2018-11-15 21:54,4.0,2.0,2.0,2.0,3.0,3.0,,,,,,soju,1.0,2018-11-15,3.0,2018-11-16 8:23,0.0,4.0,3.0,3.0,
0,23,2018-11-16 21:37,2.0,2.0,2.0,4.0,3.0,3.0,4.0,,,,,,,2018-11-16,4.0,2018-11-17 10:27,0.0,4.0,2.0,4.0,
0,23,2018-11-17 23:24,3.0,5.0,2.0,4.0,2.0,3.0,3.0,,,,,,,2018-11-17,2.0,2018-11-18 8:32,0.0,4.0,2.0,2.0,
0,23,2018-11-18 22:49,3.0,3.0,2.0,2.0,2.0,3.0,,,,,,,,2018-11-18,3.0,2018-11-19 8:29,7.0,2.0,2.0,3.0,
0,23,2018-11-19 20:50,3.0,3.0,2.0,4.0,1.0,3.0,,,,,,,,2018-11-19,2.0,2018-11-20 12:11,0.0,4.0,1.0,2.0,
0,23,2018-11-20 19:58,3.0,2.0,2.0,4.0,2.0,3.0,,,,,,,,2018-11-20,5.0,2018-11-21 8:28,0.0,2.0,4.0,4.0,
0,23,2018-11-23 20:30,3.0,4.0,2.0,4.0,2.0,3.0,,,,,,,,2018-11-23,5.0,2018-11-24 11:39,0.0,4.0,4.0,5.0,
0,23,2018-11-24 23:55,4.0,4.0,2.0,4.0,3.0,3.0,,,,,,,,2018-11-24,4.0,2018-11-25 11:50,0.0,4.0,4.0,4.0,
0,23,2018-11-25 21:07,4.0,4.0,2.0,4.0,3.0,3.0,,,,,,soju,2.0,2018-11-25,3.0,2018-11-26 8:34,0.0,4.0,2.0,3.0,
0,23,2018-11-26 21:36,4.0,4.0,2.0,4.0,3.0,3.0,,,,,,,,2018-11-26,2.0,2018-11-27 8:19,0.0,4.0,2.0,3.0,
0,23,2018-11-27 21:42,4.0,4.0,2.0,,3.0,3.0,,,,,,,,2018-11-27,2.0,2018-11-28 13:57,0.0,4.0,2.0,2.0,
0,24,2018-11-17 23:23,4.0,5.0,2.0,4.0,4.0,2.0,4.0,,,,,,,2018-11-17,5.0,2018-11-18 15:23,0.0,2.0,5.0,5.0,
0,24,2018-11-18 23:49,4.0,3.0,2.0,4.0,2.0,3.0,4.0,,,,,,,2018-11-18,1.0,2018-11-19 12:21,1.0,2.0,2.0,2.0,
0,24,2018-11-19 23:11,4.0,4.0,2.0,4.0,1.0,2.0,2.0,tea,3.0,,,,,2018-11-19,3.0,2018-11-20 8:46,0.0,4.0,3.0,3.0,
0,24,2018-11-20 23:15,3.0,3.0,,4.0,3.0,2.0,4.0,tea,3.0,tea,2.0,,,2018-11-20,3.0,2018-11-21 9:56,5.0,4.0,4.0,3.0,5.0
0,24,2018-11-21 23:13,3.0,1.0,2.0,4.0,3.0,2.0,4.0,,,coffee,1.0,,,2018-11-21,3.0,2018-11-22 8:51,5.0,4.0,3.0,4.0,
0,24,2018-11-22 23:20,4.0,4.0,,4.0,3.0,3.0,4.0,tea,2.0,tea,2.0,,,2018-11-22,4.0,2018-11-23 9:16,5.0,3.0,4.0,4.0,4.0
0,24,2018-11-23 22:48,5.0,4.0,2.0,4.0,2.0,1.0,4.0,tea,3.0,tea,3.0,,,2018-11-23,4.0,2018-11-24 12:44,0.0,4.0,4.0,4.0,6.0
0,24,2018-11-24 23:55,3.0,3.0,,4.0,4.0,4.0,3.0,,,,,,,2018-11-24,4.0,2018-11-25 13:48,1.0,4.0,4.0,3.0,
0,24,2018-11-25 23:57,4.0,4.0,2.0,4.0,2.0,3.0,4.0,,,,,,,2018-11-25,4.0,2018-11-26 8:49,0.0,4.0,3.0,3.0,
0,24,2018-11-26 22:46,4.0,4.0,2.0,4.0,3.0,2.0,4.0,tea,3.0,coffee,1.0,,,2018-11-26,3.0,2018-11-27 11:23,0.0,4.0,2.0,1.0,4.0
0,24,2018-11-27 23:41,4.0,5.0,2.0,4.0,1.0,2.0,3.0,coffee,1.0,,,soju,2.0,2018-11-27,3.0,2018-11-28 8:48,1.0,4.0,3.0,3.0,
0,25,2018-11-15 23:22,4.0,4.0,2.0,3.0,3.0,3.0,3.0,coffee,1.0,coffee,1.0,,,2018-11-15,3.0,2018-11-16 8:08,0.0,4.0,2.0,2.0,2.0
0,25,2018-11-17 0:17,4.0,4.0,2.0,3.0,3.0,3.0,,,,coffee,1.0,,,2018-11-17,3.0,2018-11-18 10:07,0.0,4.0,2.0,2.0,
0,25,2018-11-18 22:49,2.0,2.0,2.0,3.0,2.0,3.0,,,,,,,,2018-11-18,3.0,2018-11-19 9:14,0.0,4.0,2.0,2.0,
0,25,2018-11-20 0:39,3.0,2.0,2.0,3.0,3.0,3.0,,,,,,soju,1.0,2018-11-20,3.0,2018-11-21 12:01,0.0,4.0,4.0,4.0,
0,25,2018-11-22 23:22,4.0,4.0,2.0,2.0,2.0,2.0,2.0,,,,,,,2018-11-22,3.0,2018-11-23 9:09,0.0,4.0,2.0,4.0,
0,25,2018-11-24 23:39,3.0,3.0,1.0,3.0,3.0,1.0,3.0,,,coffee,1.0,soju&beer,1.0,2018-11-24,3.0,2018-11-25 11:49,0.0,4.0,3.0,3.0,
0,25,2018-11-25 23:12,3.0,3.0,2.0,2.0,2.0,2.0,2.0,,,,,,,2018-11-25,3.0,2018-11-26 9:12,0.0,4.0,3.0,3.0,
0,25,2018-11-26 22:02,3.0,3.0,2.0,2.0,2.0,2.0,2.0,,,,,,,2018-11-26,3.0,2018-11-27 8:44,0.0,4.0,3.0,3.0,
0,25,2018-11-27 21:26,3.0,3.0,2.0,2.0,2.0,2.0,2.0,,,,,,,2018-11-27,3.0,2018-11-28 15:34,0.0,4.0,3.0,3.0,
0,26,2018-11-15 22:17,2.0,3.0,2.0,1.0,2.0,3.0,3.0,,,,,soju,3.0,2018-11-15,1.0,2018-11-16 5:24,9.0,4.0,3.0,3.0,
0,26,2018-11-16 20:19,3.0,2.0,1.0,4.0,3.0,3.0,2.0,,,,,soju,2.0,2018-11-16,2.0,2018-11-17 11:04,3.0,4.0,2.0,2.0,
0,26,2018-11-17 23:00,3.0,2.0,2.0,2.0,2.0,3.0,4.0,,,,,,,2018-11-17,1.0,2018-11-18 6:30,0.0,4.0,3.0,2.0,
0,26,2018-11-18 19:51,4.0,4.0,2.0,4.0,2.0,3.0,,,,,,,,2018-11-18,4.0,2018-11-19 12:04,0.0,2.0,4.0,4.0,
0,26,2018-11-19 22:11,4.0,3.0,2.0,4.0,3.0,3.0,2.0,,,,,,,2018-11-19,5.0,2018-11-20 10:10,0.0,4.0,5.0,4.0,
0,26,2018-11-20 22:33,4.0,3.0,2.0,2.0,3.0,2.0,4.0,,,,,,,2018-11-20,4.0,2018-11-21 9:16,9.0,4.0,4.0,4.0,
0,26,2018-11-21 22:03,2.0,2.0,2.0,2.0,3.0,2.0,,,,,,,,2018-11-21,5.0,2018-11-22 11:44,0.0,1.0,3.0,4.0,
0,26,2018-11-24 1:23,3.0,3.0,2.0,3.0,2.0,2.0,3.0,,,,,,,2018-11-24,2.0,2018-11-25 8:45,6.0,4.0,2.0,2.0,
0,26,2018-11-25 21:37,4.0,4.0,2.0,4.0,2.0,3.0,4.0,,,,,soju,2.0,2018-11-25,2.0,2018-11-26 9:50,2.0,4.0,2.0,2.0,
0,26,2018-11-26 22:44,4.0,2.0,2.0,4.0,2.0,2.0,2.0,,,,,,,2018-11-26,3.0,2018-11-27 10:27,5.0,4.0,3.0,3.0,
0,27,2018-11-15 22:33,1.0,1.0,2.0,4.0,1.0,2.0,4.0,,,,,,,2018-11-15,3.0,2018-11-16 10:40,4.0,2.0,2.0,2.0,
0,27,2018-11-16 22:43,1.0,1.0,2.0,4.0,2.0,1.0,4.0,,,,,,,2018-11-16,2.0,2018-11-17 8:55,2.0,4.0,1.0,1.0,
0,27,2018-11-17 22:34,2.0,1.0,2.0,4.0,4.0,2.0,4.0,,,coffee,1.0,,,2018-11-17,4.0,2018-11-18 11:41,0.0,2.0,3.0,3.0,
0,27,2018-11-18 23:45,1.0,1.0,2.0,4.0,4.0,3.0,4.0,,,coffee,1.0,,,2018-11-18,3.0,2018-11-19 10:37,6.0,2.0,1.0,2.0,
0,27,2018-11-19 22:44,1.0,1.0,,4.0,2.0,3.0,4.0,,,coffee,2.0,,,2018-11-19,2.0,2018-11-20 8:16,4.0,2.0,1.0,1.0,
0,27,2018-11-20 22:34,2.0,1.0,2.0,4.0,3.0,3.0,4.0,,,,,,,2018-11-20,3.0,2018-11-21 10:25,4.0,2.0,1.0,1.0,
0,27,2018-11-21 22:37,1.0,1.0,,4.0,2.0,1.0,4.0,,,,,,,2018-11-21,2.0,2018-11-22 10:28,4.0,2.0,1.0,2.0,
0,27,2018-11-22 22:56,2.0,1.0,,4.0,2.0,2.0,4.0,,,,,,,2018-11-22,2.0,2018-11-23 10:37,6.0,4.0,1.0,1.0,
0,27,2018-11-23 23:16,1.0,1.0,1.0,4.0,2.0,2.0,4.0,,,,,,,2018-11-23,2.0,2018-11-24 10:46,6.0,2.0,1.0,1.0,
0,27,2018-11-24 23:00,4.0,1.0,1.0,4.0,4.0,3.0,4.0,,,coffee,1.0,soju&beer,2.0,2018-11-24,1.0,2018-11-25 10:10,5.0,2.0,1.0,1.0,
0,27,2018-11-25 22:34,2.0,1.0,2.0,4.0,4.0,3.0,4.0,,,coffee,1.0,,,2018-11-25,2.0,2018-11-26 10:14,6.0,2.0,1.0,1.0,
0,27,2018-11-26 22:20,1.0,1.0,2.0,4.0,3.0,3.0,4.0,,,,,,,2018-11-26,2.0,2018-11-27 7:56,4.0,2.0,1.0,1.0,
0,27,2018-11-27 23:23,3.0,1.0,2.0,4.0,3.0,2.0,4.0,,,coffee,1.0,,,2018-11-27,2.0,2018-11-28 10:23,0.0,2.0,2.0,2.0,
0,28,2018-11-15 23:59,4.0,2.0,2.0,4.0,3.0,3.0,3.0,,,,,,,2018-11-15,3.0,2018-11-16 7:36,5.0,4.0,2.0,2.0,
0,28,2018-11-17 21:27,4.0,2.0,1.0,2.0,1.0,2.0,,caffeinated drink,1.0,,,,,2018-11-17,4.0,2018-11-18 8:52,0.0,4.0,3.0,3.0,
0,28,2018-11-18 22:55,4.0,4.0,1.0,2.0,3.0,3.0,,coffee,1.0,,,,,2018-11-18,4.0,2018-11-19 6:54,0.0,4.0,4.0,4.0,
0,28,2018-11-19 22:59,4.0,4.0,2.0,2.0,3.0,3.0,1.0,,,,,,,2018-11-19,4.0,2018-11-20 8:16,0.0,4.0,3.0,3.0,
0,28,2018-11-20 23:29,3.0,2.0,2.0,4.0,2.0,4.0,3.0,,,,,,,2018-11-20,4.0,2018-11-21 9:03,5.0,4.0,5.0,3.0,
0,28,2018-11-21 23:01,5.0,5.0,2.0,2.0,3.0,3.0,,,,,,,,2018-11-21,2.0,2018-11-22 7:43,5.0,4.0,3.0,3.0,
0,28,2018-11-22 21:13,3.0,2.0,2.0,4.0,3.0,2.0,4.0,,,,,,,2018-11-22,1.0,2018-11-23 13:29,5.0,4.0,2.0,3.0,
0,28,2018-11-23 21:38,5.0,5.0,2.0,4.0,1.0,2.0,2.0,,,,,,,2018-11-23,4.0,2018-11-24 10:11,5.0,4.0,4.0,4.0,
0,28,2018-11-24 21:17,4.0,3.0,2.0,4.0,2.0,2.0,,,,,,,,2018-11-24,4.0,2018-11-25 17:34,0.0,4.0,4.0,4.0,
0,28,2018-11-26 23:13,3.0,3.0,2.0,1.0,2.0,2.0,4.0,,,,,,,2018-11-26,4.0,2018-11-27 19:27,0.0,2.0,4.0,4.0,
0,28,2018-11-27 22:26,4.0,2.0,2.0,2.0,2.0,2.0,2.0,,,,,,,2018-11-27,4.0,2018-11-28 9:15,2.0,4.0,3.0,3.0,
0,29,2018-11-16 21:40,3.0,1.0,2.0,4.0,3.0,4.0,4.0,,,coffee,1.0,,,2018-11-16,4.0,2018-11-17 15:19,9.0,3.0,1.0,2.0,
0,29,2018-11-17 23:23,3.0,1.0,2.0,4.0,4.0,3.0,4.0,,,coffee,1.0,,,2018-11-17,3.0,2018-11-18 8:34,9.0,4.0,2.0,2.0,
0,29,2018-11-20 23:29,2.0,1.0,2.0,3.0,2.0,4.0,4.0,,,coffee,1.0,,,2018-11-20,2.0,2018-11-21 9:58,5.0,4.0,1.0,1.0,
0,29,2018-11-23 21:25,3.0,2.0,2.0,4.0,2.0,4.0,4.0,,,,,,,2018-11-23,5.0,2018-11-24 22:36,0.0,2.0,2.0,2.0,
0,29,2018-11-25 22:32,3.0,3.0,2.0,4.0,3.0,2.0,4.0,coffee,1.0,,,,,2018-11-25,2.0,2018-11-26 22:14,9.0,4.0,2.0,4.0,
0,29,2018-11-26 23:15,4.0,3.0,2.0,3.0,2.0,2.0,4.0,coffee,1.0,coffee,1.0,,,2018-11-26,4.0,2018-11-27 15:13,5.0,3.0,2.0,3.0,2.0
0,30,2018-11-15 23:23,3.0,2.0,2.0,4.0,1.0,3.0,4.0,,,coffee,1.0,,,2018-11-15,3.0,2018-11-16 10:13,0.0,4.0,3.0,2.0,
0,30,2018-11-16 22:26,3.0,2.0,1.0,3.0,3.0,1.0,1.0,,,,,,,2018-11-16,3.0,2018-11-17 8:25,2.0,4.0,2.0,2.0,
0,30,2018-11-17 21:26,4.0,3.0,1.0,3.0,3.0,2.0,4.0,,,,,,,2018-11-17,3.0,2018-11-18 9:03,0.0,4.0,3.0,3.0,
0,30,2018-11-18 22:55,4.0,4.0,1.0,3.0,3.0,3.0,4.0,,,,,,,2018-11-18,4.0,2018-11-19 22:25,0.0,4.0,4.0,4.0,
0,30,2018-11-20 22:49,3.0,3.0,2.0,3.0,3.0,3.0,4.0,,,,,,,2018-11-20,2.0,2018-11-21 9:32,0.0,4.0,2.0,3.0,
0,30,2018-11-22 22:17,3.0,3.0,2.0,3.0,3.0,3.0,4.0,,,,,,,2018-11-22,3.0,2018-11-23 10:24,0.0,4.0,2.0,3.0,
0,30,2018-11-23 23:31,3.0,2.0,1.0,2.0,2.0,3.0,4.0,,,,,,,2018-11-23,3.0,2018-11-24 12:10,0.0,4.0,3.0,3.0,
0,30,2018-11-24 22:45,3.0,2.0,1.0,4.0,1.0,3.0,,,,,,,,2018-11-24,2.0,2018-11-25 13:54,1.0,4.0,2.0,2.0,
0,30,2018-11-25 22:44,3.0,3.0,1.0,3.0,3.0,2.0,4.0,coffee,1.0,,,,,2018-11-25,3.0,2018-11-26 9:54,1.0,4.0,2.0,3.0,
0,30,2018-11-27 23:36,3.0,1.0,2.0,2.0,3.0,3.0,,,,,,,,2018-11-27,2.0,2018-11-28 9:11,0.0,4.0,2.0,2.0,
0,101,2020-01-01 23:59,5.0,5.0,2.0,4.0,3.0,3.0,4.0,,,,,,,2020-01-01,5.0,2020-01-02 7:01,9.0,4.0,4.0,4.0,
0,101,2020-01-02 22:31,4.0,3.0,2.0,3.0,3.0,2.0,4.0,,,,,,,2020-01-02,5.0,2020-01-03 7:09,9.0,4.0,4.0,4.0,
0,101,2020-01-03 22:30,4.0,3.0,2.0,3.0,3.0,3.0,3.0,,,,,,,2020-01-03,5.0,2020-01-04 11:47,9.0,4.0,4.0,4.0,
0,101,2020-01-04 23:51,4.0,4.0,2.0,4.0,3.0,3.0,4.0,,,,,,,2020-01-04,2.0,2020-01-05 9:27,1.0,4.0,2.0,2.0,
0,101,2020-01-05 23:38,4.0,2.0,1.0,4.0,3.0,3.0,4.0,,,,,,,2020-01-05,5.0,2020-01-06 8:08,9.0,4.0,2.0,4.0,
0,101,2020-01-08 22:56,4.0,1.0,2.0,3.0,3.0,4.0,4.0,,,,,,,2020-01-08,3.0,2020-01-09 8:04,1.0,4.0,2.0,3.0,
0,101,2020-01-09 22:44,4.0,3.0,2.0,3.0,3.0,3.0,3.0,,,,,,,2020-01-09,4.0,2020-01-10 8:09,0.0,4.0,2.0,3.0,
0,101,2020-01-10 23:15,4.0,3.0,2.0,3.0,3.0,4.0,4.0,,,,,,,2020-01-10,4.0,2020-01-11 11:22,9.0,4.0,4.0,4.0,
0,101,2020-01-11 23:29,4.0,3.0,1.0,4.0,3.0,3.0,4.0,,,,,,,2020-01-11,4.0,2020-01-12 11:26,0.0,4.0,4.0,4.0,
0,101,2020-01-12 23:53,4.0,3.0,1.0,4.0,3.0,3.0,4.0,,,,,,,2020-01-12,4.0,2020-01-13 8:15,1.0,4.0,2.0,3.0,
0,102,2019-12-09 23:15,4.0,4.0,2.0,4.0,3.0,3.0,4.0,,,,,,,2019-12-09,3.0,2019-12-10 10:08,2.0,4.0,3.0,3.0,
0,102,2019-12-10 22:43,4.0,4.0,2.0,4.0,3.0,3.0,4.0,,,,,,,2019-12-10,3.0,2019-12-11 10:14,1.0,2.0,4.0,3.0,
0,102,2019-12-11 23:17,4.0,4.0,2.0,4.0,3.0,3.0,4.0,,,coffee,1.0,,,2019-12-11,2.0,2019-12-12 9:50,1.0,2.0,3.0,3.0,
0,102,2019-12-12 23:29,4.0,4.0,2.0,4.0,2.0,3.0,4.0,,,coffee,1.0,,,2019-12-12,4.0,2019-12-13 11:02,1.0,4.0,3.0,4.0,
0,102,2019-12-13 23:07,4.0,4.0,2.0,3.0,3.0,3.0,4.0,,,,,,,2019-12-13,3.0,2019-12-14 7:19,2.0,4.0,3.0,4.0,
0,102,2019-12-14 21:13,4.0,4.0,1.0,4.0,3.0,3.0,4.0,,,coffee,1.0,,,2019-12-14,4.0,2019-12-15 9:10,2.0,4.0,2.0,2.0,
0,102,2019-12-15 22:16,4.0,5.0,1.0,3.0,3.0,3.0,3.0,,,,,,,2019-12-15,2.0,2019-12-16 9:20,2.0,2.0,2.0,3.0,
0,102,2019-12-16 21:57,4.0,4.0,2.0,4.0,3.0,3.0,4.0,,,coffee,1.0,,,2019-12-16,4.0,2019-12-17 11:27,0.0,2.0,4.0,4.0,
0,102,2019-12-17 23:58,4.0,4.0,2.0,4.0,3.0,3.0,4.0,,,,,,,2019-12-17,4.0,2019-12-18 11:21,7.0,1.0,3.0,3.0,
0,102,2019-12-18 23:24,4.0,4.0,2.0,4.0,3.0,3.0,4.0,,,coffee,1.0,,,2019-12-18,4.0,2019-12-19 9:09,1.0,4.0,4.0,4.0,
0,102,2019-12-20 23:52,4.0,4.0,2.0,4.0,3.0,3.0,3.0,,,,,,,2019-12-20,4.0,2019-12-21 10:30,1.0,4.0,4.0,4.0,
0,102,2019-12-21 22:38,4.0,4.0,2.0,4.0,3.0,3.0,3.0,,,coffee,1.0,,,2019-12-21,4.0,2019-12-22 10:02,1.0,4.0,3.0,3.0,
0,102,2019-12-22 22:33,4.0,4.0,2.0,4.0,3.0,3.0,4.0,,,coffee,1.0,,,2019-12-22,4.0,2019-12-23 9:47,1.0,2.0,4.0,3.0,
0,102,2019-12-23 23:46,4.0,4.0,2.0,4.0,3.0,3.0,4.0,,,,,,,2019-12-23,4.0,2019-12-24 9:15,0.0,4.0,4.0,4.0,
0,103,2020-01-04 22:08,5.0,2.0,1.0,3.0,3.0,3.0,3.0,,,,,,,2020-01-04,5.0,2020-01-05 10:47,0.0,4.0,3.0,4.0,
0,103,2020-01-05 23:37,5.0,3.0,1.0,3.0,3.0,3.0,3.0,,,coffee,1.0,,,2020-01-05,5.0,2020-01-06 14:54,0.0,4.0,4.0,4.0,
0,103,2020-01-06 23:25,5.0,5.0,2.0,3.0,3.0,3.0,4.0,,,,,,,2020-01-06,5.0,2020-01-07 11:56,0.0,4.0,4.0,4.0,
0,103,2020-01-07 23:59,5.0,3.0,2.0,3.0,3.0,3.0,4.0,,,,,,,2020-01-07,2.0,2020-01-08 11:41,0.0,4.0,2.0,2.0,
0,103,2020-01-08 23:59,5.0,4.0,1.0,4.0,3.0,2.0,4.0,,,,,,,2020-01-08,2.0,2020-01-09 11:30,1.0,4.0,2.0,2.0,
0,103,2020-01-09 23:58,4.0,4.0,2.0,3.0,3.0,3.0,3.0,,,,,beer,1.0,2020-01-09,4.0,2020-01-10 10:27,0.0,4.0,4.0,4.0,
0,103,2020-01-11 23:56,4.0,2.0,2.0,3.0,3.0,3.0,4.0,,,coffee,1.0,,,2020-01-11,4.0,2020-01-12 10:55,1.0,4.0,2.0,4.0,
0,103,2020-01-12 23:51,2.0,2.0,2.0,4.0,4.0,3.0,3.0,,,,,,,2020-01-12,2.0,2020-01-13 10:55,5.0,4.0,2.0,3.0,
0,103,2020-01-13 23:37,3.0,4.0,2.0,4.0,2.0,3.0,4.0,,,coffee,1.0,,,2020-01-13,4.0,2020-01-14 10:54,5.0,4.0,3.0,3.0,
0,103,2020-01-14 23:49,4.0,4.0,2.0,3.0,3.0,4.0,4.0,,,coffee,1.0,,,2020-01-14,1.0,2020-01-15 11:20,1.0,4.0,2.0,4.0,
0,103,2020-01-15 23:43,5.0,4.0,2.0,3.0,4.0,3.0,3.0,,,,,,,2020-01-15,5.0,2020-01-16 11:40,0.0,2.0,2.0,4.0,
0,103,2020-01-16 23:57,5.0,4.0,2.0,4.0,2.0,3.0,3.0,,,,,,,2020-01-16,4.0,2020-01-17 11:27,0.0,4.0,4.0,4.0,
0,104,2019-12-04 23:55,2.0,2.0,2.0,3.0,2.0,4.0,4.0,,,coffee,1.0,,,2019-12-04,3.0,2019-12-05 7:15,1.0,4.0,2.0,2.0,
0,104,2019-12-05 23:41,3.0,3.0,2.0,3.0,3.0,4.0,4.0,tea,1.0,coffee,1.0,,,2019-12-05,3.0,2019-12-06 7:53,0.0,4.0,2.0,3.0,2.0
0,104,2019-12-07 0:08,5.0,3.0,2.0,3.0,4.0,4.0,3.0,tea,1.0,,,,,2019-12-07,3.0,2019-12-08 9:32,5.0,4.0,4.0,3.0,
0,104,2019-12-08 23:17,4.0,4.0,2.0,4.0,3.0,3.0,4.0,,,,,,,2019-12-08,4.0,2019-12-09 8:46,1.0,2.0,4.0,3.0,
0,104,2019-12-10 21:15,4.0,2.0,2.0,4.0,3.0,2.0,4.0,,,coffee,1.0,,,2019-12-10,4.0,2019-12-11 8:15,0.0,4.0,2.0,3.0,
0,104,2019-12-11 23:40,4.0,2.0,2.0,3.0,3.0,4.0,3.0,coffee,1.0,coffee,1.0,,,2019-12-11,4.0,2019-12-12 9:01,2.0,2.0,4.0,3.0,2.0
0,104,2019-12-14 21:44,4.0,4.0,1.0,4.0,2.0,3.0,4.0,,,,,soju,2.0,2019-12-14,3.0,2019-12-15 7:53,2.0,1.0,4.0,4.0,
0,104,2019-12-15 23:50,5.0,3.0,2.0,4.0,3.0,3.0,4.0,,,coffee,1.0,beer,1.0,2019-12-15,4.0,2019-12-16 7:00,0.0,2.0,2.0,2.0,
0,104,2019-12-16 23:01,4.0,3.0,2.0,4.0,2.0,2.0,3.0,,,coffee,1.0,,,2019-12-16,4.0,2019-12-17 7:58,0.0,4.0,2.0,3.0,
0,104,2019-12-17 23:29,4.0,4.0,1.0,4.0,2.0,4.0,4.0,,,coffee,1.0,,,2019-12-17,2.0,2019-12-18 8:31,2.0,4.0,1.0,4.0,
0,104,2019-12-18 23:37,4.0,4.0,2.0,4.0,3.0,4.0,2.0,coffee,1.0,coffee,1.0,,,2019-12-18,4.0,2019-12-19 13:15,0.0,4.0,2.0,4.0,2.0
0,104,2019-12-19 23:58,4.0,4.0,1.0,2.0,3.0,2.0,2.0,,,tea,1.0,,,2019-12-19,4.0,2019-12-20 8:02,0.0,4.0,2.0,4.0,
0,104,2019-12-20 23:21,3.0,3.0,2.0,4.0,3.0,3.0,4.0,,,,,,,2019-12-20,4.0,2019-12-21 11:57,0.0,4.0,4.0,3.0,
0,104,2019-12-21 0:00,4.0,5.0,1.0,2.0,3.0,4.0,3.0,coffee,1.0,coffee,,soju,2.0,2019-12-21,1.0,2019-12-22 14:05,0.0,4.0,2.0,4.0,
0,104,2019-12-23 22:55,3.0,4.0,2.0,4.0,2.0,3.0,4.0,coffee,2.0,,,soju,3.0,2019-12-23,3.0,2019-12-24 13:54,5.0,4.0,2.0,3.0,
0,105,2019-12-04 21:10,4.0,3.0,2.0,3.0,2.0,2.0,4.0,,,,,,,2019-12-04,4.0,2019-12-05 10:26,0.0,4.0,3.0,3.0,
0,105,2019-12-05 23:48,3.0,4.0,2.0,3.0,4.0,3.0,4.0,,,coffee,1.0,,,2019-12-05,4.0,2019-12-06 10:37,0.0,4.0,3.0,3.0,
0,105,2019-12-06 23:57,4.0,5.0,2.0,3.0,4.0,4.0,4.0,,,,,,,2019-12-06,4.0,2019-12-07 11:11,0.0,4.0,4.0,3.0,
0,105,2019-12-07 23:13,5.0,5.0,1.0,3.0,4.0,3.0,4.0,,,,,,,2019-12-07,2.0,2019-12-08 16:08,9.0,4.0,2.0,2.0,
0,105,2019-12-08 23:32,3.0,5.0,1.0,4.0,3.0,4.0,4.0,,,,,soju,2.0,2019-12-08,5.0,2019-12-09 8:40,0.0,4.0,2.0,2.0,
0,105,2019-12-09 22:38,5.0,5.0,2.0,3.0,4.0,3.0,4.0,coffee,1.0,,,,,2019-12-09,4.0,2019-12-10 10:43,0.0,4.0,3.0,3.0,
0,105,2019-12-10 23:32,5.0,4.0,2.0,3.0,4.0,3.0,4.0,,,,,,,2019-12-10,5.0,2019-12-11 8:30,0.0,4.0,3.0,3.0,
0,105,2019-12-11 23:18,5.0,5.0,2.0,3.0,3.0,3.0,4.0,,,coffee,1.0,,,2019-12-11,5.0,2019-12-12 10:32,0.0,4.0,4.0,3.0,
0,105,2019-12-12 23:50,5.0,5.0,2.0,3.0,3.0,3.0,4.0,,,,,,,2019-12-12,5.0,2019-12-13 9:18,0.0,4.0,3.0,3.0,
0,105,2019-12-13 23:20,5.0,5.0,2.0,4.0,3.0,3.0,4.0,,,,,,,2019-12-13,5.0,2019-12-14 7:59,0.0,4.0,5.0,5.0,
0,105,2019-12-14 23:39,5.0,5.0,1.0,3.0,3.0,3.0,4.0,,,,,,,2019-12-14,5.0,2019-12-15 10:11,0.0,4.0,5.0,5.0,
0,105,2019-12-15 23:07,5.0,5.0,2.0,3.0,3.0,3.0,4.0,,,,,,,2019-12-15,5.0,2019-12-16 7:33,0.0,3.0,5.0,5.0,
0,105,2019-12-16 21:13,5.0,5.0,2.0,3.0,4.0,3.0,4.0,,,,,,,2019-12-16,5.0,2019-12-17 9:37,0.0,4.0,5.0,5.0,
0,105,2019-12-17 23:40,5.0,5.0,2.0,3.0,3.0,3.0,4.0,,,,,,,2019-12-17,5.0,2019-12-18 11:58,0.0,4.0,5.0,5.0,
0,106,2020-02-01 4:05,5.0,4.0,2.0,3.0,3.0,3.0,4.0,,,,,,,2020-02-01,5.0,2020-02-02 12:52,0.0,4.0,5.0,4.0,
0,106,2020-02-02 4:12,5.0,5.0,2.0,3.0,3.0,3.0,4.0,,,,,,,2020-02-02,5.0,2020-02-03 6:37,0.0,4.0,4.0,5.0,
0,106,2020-02-03 6:36,5.0,5.0,1.0,3.0,3.0,3.0,4.0,,,,,soju,3.0,2020-02-03,5.0,2020-02-04 6:45,0.0,4.0,5.0,5.0,
0,106,2020-02-07 1:19,5.0,5.0,2.0,3.0,3.0,3.0,3.0,,,,,,,2020-02-07,5.0,2020-02-08 8:49,0.0,4.0,5.0,5.0,
0,106,2020-02-08 0:09,5.0,5.0,2.0,3.0,3.0,3.0,4.0,,,,,,,2020-02-08,5.0,2020-02-09 15:06,0.0,4.0,4.0,5.0,
0,106,2020-02-09 0:20,5.0,5.0,2.0,3.0,3.0,3.0,4.0,,,,,,,2020-02-09,5.0,2020-02-10 7:48,0.0,4.0,5.0,5.0,
0,106,2020-02-10 1:44,5.0,5.0,2.0,3.0,3.0,3.0,4.0,,,,,,,2020-02-10,5.0,2020-02-11 11:30,0.0,4.0,5.0,5.0,
0,107,2019-12-27 23:30,4.0,3.0,2.0,4.0,3.0,3.0,4.0,coffee,2.0,coffee,1.0,beer,1.0,2019-12-27,3.0,2019-12-28 10:19,4.0,4.0,2.0,3.0,3.0
0,107,2019-12-28 22:45,4.0,4.0,1.0,4.0,3.0,3.0,3.0,,,coffee,1.0,beer,1.0,2019-12-28,5.0,2019-12-29 11:28,4.0,4.0,2.0,4.0,
0,107,2019-12-29 22:43,3.0,3.0,2.0,4.0,3.0,3.0,4.0,,,coffee,1.0,,,2019-12-29,4.0,2019-12-30 7:37,0.0,2.0,2.0,3.0,
0,107,2019-12-31 22:12,4.0,4.0,2.0,4.0,3.0,3.0,4.0,,,tea,1.0,,,2019-12-31,4.0,2020-01-01 13:27,4.0,4.0,2.0,3.0,
0,107,2020-01-02 22:15,5.0,4.0,2.0,3.0,2.0,3.0,4.0,coffee,2.0,,,,,2020-01-02,4.0,2020-01-03 7:54,0.0,2.0,4.0,4.0,
0,107,2020-01-03 23:37,3.0,2.0,2.0,3.0,3.0,3.0,4.0,,,,,,,2020-01-03,4.0,2020-01-04 10:11,4.0,4.0,4.0,4.0,
0,107,2020-01-04 23:17,5.0,4.0,2.0,4.0,3.0,3.0,3.0,,,coffee,1.0,beer,1.0,2020-01-04,4.0,2020-01-05 11:02,4.0,3.0,3.0,4.0,
0,107,2020-01-05 23:41,4.0,4.0,2.0,3.0,3.0,3.0,3.0,,,coffee,2.0,,,2020-01-05,4.0,2020-01-06 8:36,0.0,3.0,4.0,4.0,
0,107,2020-01-06 22:50,5.0,5.0,2.0,3.0,3.0,3.0,3.0,,,,,,,2020-01-06,5.0,2020-01-07 7:26,0.0,4.0,5.0,5.0,
0,107,2020-01-07 22:27,4.0,4.0,2.0,3.0,3.0,3.0,4.0,coffee,1.0,coffee,1.0,,,2020-01-07,3.0,2020-01-08 8:03,5.0,4.0,3.0,3.0,2.0
0,107,2020-01-11 22:57,4.0,4.0,2.0,2.0,2.0,2.0,2.0,,,,,,,2020-01-11,2.0,2020-01-12 13:11,4.0,3.0,2.0,4.0,
0,107,2020-01-13 0:00,4.0,4.0,2.0,2.0,2.0,2.0,4.0,,,,,,,2020-01-13,5.0,2020-01-14 7:26,0.0,4.0,4.0,2.0,
0,107,2020-01-14 23:56,4.0,4.0,2.0,3.0,3.0,3.0,3.0,coffee,2.0,coffee,1.0,,,2020-01-14,4.0,2020-01-15 7:21,0.0,2.0,4.0,4.0,3.0
0,107,2020-01-15 22:14,4.0,4.0,2.0,3.0,2.0,3.0,4.0,,,coffee,1.0,,,2020-01-15,4.0,2020-01-16 8:37,5.0,4.0,2.0,2.0,
0,107,2020-01-16 23:27,4.0,4.0,2.0,3.0,3.0,3.0,3.0,,,coffee,1.0,,,2020-01-16,2.0,2020-01-17 6:41,0.0,2.0,1.0,3.0,
0,108,2019-12-09 23:36,2.0,3.0,1.0,2.0,3.0,3.0,2.0,,,coffee,1.0,beer,1.0,2019-12-09,3.0,2019-12-10 8:21,6.0,2.0,2.0,2.0,
0,108,2019-12-10 21:44,2.0,1.0,1.0,1.0,2.0,3.0,4.0,,,coffee,1.0,,,2019-12-10,3.0,2019-12-11 9:13,6.0,4.0,3.0,3.0,
0,108,2019-12-11 22:19,2.0,4.0,2.0,3.0,1.0,2.0,4.0,,,,,,,2019-12-11,4.0,2019-12-12 11:11,6.0,4.0,4.0,2.0,
0,108,2019-12-12 23:39,4.0,4.0,2.0,4.0,2.0,4.0,2.0,,,coffee,1.0,,,2019-12-12,2.0,2019-12-13 11:23,0.0,4.0,1.0,2.0,
0,108,2019-12-13 23:28,3.0,4.0,2.0,4.0,3.0,3.0,4.0,,,coffee,1.0,,,2019-12-13,2.0,2019-12-14 12:09,6.0,4.0,2.0,4.0,
0,108,2019-12-14 23:37,3.0,2.0,1.0,4.0,2.0,2.0,4.0,coffee,1.0,,,,,2019-12-14,3.0,2019-12-15 11:39,5.0,4.0,3.0,4.0,
0,108,2019-12-15 23:44,3.0,2.0,1.0,4.0,3.0,3.0,4.0,,,coffee,1.0,,,2019-12-15,2.0,2019-12-16 11:15,0.0,2.0,1.0,2.0,
0,108,2019-12-16 23:30,4.0,4.0,2.0,4.0,3.0,4.0,2.0,,,coffee,1.0,,,2019-12-16,3.0,2019-12-17 14:01,0.0,4.0,2.0,2.0,
0,108,2019-12-17 23:39,3.0,4.0,2.0,4.0,2.0,2.0,4.0,,,coffee,1.0,,,2019-12-17,4.0,2019-12-18 12:43,0.0,2.0,4.0,3.0,
0,108,2019-12-18 23:41,3.0,5.0,2.0,4.0,3.0,2.0,3.0,,,coffee,2.0,,,2019-12-18,3.0,2019-12-19 11:40,5.0,4.0,2.0,3.0,
0,108,2019-12-19 23:40,1.0,1.0,2.0,4.0,3.0,2.0,1.0,,,coffee,1.0,,,2019-12-19,2.0,2019-12-20 8:43,1.0,4.0,2.0,2.0,
0,108,2019-12-20 23:06,5.0,5.0,2.0,4.0,1.0,3.0,4.0,,,coffee,1.0,,,2019-12-20,3.0,2019-12-21 8:43,5.0,2.0,2.0,3.0,
0,108,2019-12-21 23:12,5.0,5.0,2.0,4.0,3.0,3.0,4.0,,,coffee,1.0,,,2019-12-21,2.0,2019-12-22 11:49,7.0,1.0,2.0,2.0,
0,108,2019-12-22 23:34,4.0,5.0,2.0,4.0,3.0,2.0,2.0,,,coffee,1.0,,,2019-12-22,3.0,2019-12-23 9:06,6.0,4.0,2.0,3.0,
0,108,2019-12-23 23:46,4.0,2.0,2.0,4.0,3.0,3.0,4.0,,,coffee,1.0,,,2019-12-23,2.0,2019-12-24 8:36,0.0,4.0,2.0,2.0,
0,109,2019-12-06 22:11,4.0,4.0,1.0,4.0,3.0,3.0,4.0,,,coffee,1.0,,,2019-12-06,4.0,2019-12-07 7:59,5.0,4.0,4.0,4.0,
0,109,2019-12-07 22:09,3.0,2.0,1.0,4.0,2.0,3.0,4.0,tea,1.0,coffee,1.0,,,2019-12-07,3.0,2019-12-08 8:02,0.0,4.0,2.0,3.0,2.0
0,109,2019-12-08 21:20,3.0,2.0,2.0,4.0,3.0,2.0,4.0,,,,,,,2019-12-08,4.0,2019-12-09 7:59,9.0,2.0,3.0,3.0,
0,109,2019-12-14 23:49,4.0,3.0,1.0,4.0,3.0,4.0,3.0,tea,1.0,coffee,1.0,,,2019-12-14,2.0,2019-12-15 9:43,5.0,4.0,2.0,2.0,2.0
0,109,2019-12-15 22:53,2.0,1.0,2.0,4.0,2.0,2.0,4.0,,,coffee,1.0,,,2019-12-15,2.0,2019-12-16 8:06,5.0,4.0,2.0,2.0,
0,109,2019-12-16 20:45,2.0,2.0,2.0,4.0,2.0,3.0,4.0,,,,,,,2019-12-16,4.0,2019-12-17 9:13,0.0,4.0,4.0,4.0,
0,109,2019-12-17 21:23,2.0,1.0,2.0,4.0,4.0,3.0,4.0,,,,,,,2019-12-17,4.0,2019-12-18 10:34,0.0,4.0,2.0,2.0,
0,109,2019-12-19 23:22,5.0,4.0,2.0,4.0,1.0,2.0,4.0,,,,,,,2019-12-19,5.0,2019-12-20 11:02,9.0,4.0,5.0,5.0,
0,109,2019-12-20 23:08,4.0,4.0,2.0,4.0,3.0,2.0,4.0,,,,,,,2019-12-20,4.0,2019-12-21 7:44,0.0,4.0,4.0,4.0,
0,109,2019-12-21 23:48,4.0,4.0,2.0,4.0,3.0,4.0,4.0,,,,,,,2019-12-21,3.0,2019-12-22 6:05,0.0,4.0,4.0,4.0,
0,110,2019-12-18 23:00,4.0,4.0,2.0,3.0,3.0,3.0,4.0,,,,,,,2019-12-18,4.0,2019-12-19 4:59,0.0,4.0,3.0,3.0,
0,110,2019-12-22 22:54,3.0,2.0,2.0,4.0,4.0,2.0,4.0,,,,,,,2019-12-22,5.0,2019-12-23 8:57,0.0,4.0,2.0,3.0,
0,110,2019-12-23 23:45,3.0,2.0,2.0,2.0,3.0,3.0,4.0,,,,,,,2019-12-23,4.0,2019-12-24 7:40,0.0,3.0,3.0,2.0,
0,110,2019-12-25 23:47,4.0,5.0,1.0,3.0,3.0,3.0,3.0,,,,,,,2019-12-25,4.0,2019-12-26 8:18,3.0,2.0,3.0,3.0,
0,110,2019-12-26 23:03,2.0,3.0,2.0,3.0,3.0,3.0,3.0,,,,,,,2019-12-26,3.0,2019-12-27 7:44,5.0,2.0,3.0,3.0,
0,110,2020-01-09 23:53,4.0,3.0,2.0,3.0,3.0,3.0,4.0,,,,,,,2020-01-09,2.0,2020-01-10 12:48,9.0,2.0,3.0,3.0,
0,110,2020-01-11 23:40,3.0,2.0,2.0,3.0,3.0,3.0,3.0,,,,,,,2020-01-11,4.0,2020-01-12 16:19,9.0,2.0,3.0,3.0,
0,110,2020-01-13 23:55,3.0,3.0,2.0,3.0,3.0,3.0,3.0,,,,,,,2020-01-13,4.0,2020-01-14 11:55,9.0,3.0,3.0,3.0,
0,110,2020-01-14 23:55,3.0,3.0,2.0,4.0,3.0,3.0,4.0,,,,,,,2020-01-14,4.0,2020-01-15 13:19,9.0,2.0,4.0,3.0,
0,110,2020-01-16 23:44,3.0,3.0,2.0,3.0,3.0,3.0,4.0,,,,,,,2020-01-16,4.0,2020-01-17 10:51,9.0,3.0,3.0,3.0,
0,111,2019-12-05 23:31,2.0,3.0,1.0,2.0,2.0,2.0,2.0,coffee,1.0,,,soju,2.0,2019-12-05,2.0,2019-12-06 7:08,5.0,4.0,1.0,1.0,
0,111,2019-12-06 23:11,4.0,2.0,2.0,4.0,3.0,3.0,4.0,coffee,1.0,,,,,2019-12-06,4.0,2019-12-07 9:25,0.0,4.0,4.0,3.0,
0,111,2019-12-07 23:50,4.0,2.0,2.0,4.0,3.0,3.0,4.0,coffee,1.0,,,soju&beer,2.0,2019-12-07,2.0,2019-12-08 9:19,0.0,4.0,2.0,2.0,
0,111,2019-12-08 23:45,3.0,2.0,2.0,4.0,3.0,4.0,4.0,coffee,1.0,coffee,1.0,,,2019-12-08,3.0,2019-12-09 7:52,0.0,2.0,1.0,3.0,2.0
0,111,2019-12-10 23:07,3.0,1.0,2.0,4.0,3.0,3.0,4.0,coffee,1.0,,,,,2019-12-10,4.0,2019-12-11 8:47,0.0,4.0,2.0,2.0,
0,111,2019-12-11 23:17,3.0,2.0,2.0,4.0,3.0,3.0,4.0,coffee,1.0,,,,,2019-12-11,4.0,2019-12-12 14:31,0.0,4.0,2.0,2.0,
0,111,2019-12-12 23:38,2.0,2.0,2.0,4.0,3.0,3.0,4.0,coffee,1.0,,,,,2019-12-12,3.0,2019-12-13 11:03,0.0,4.0,2.0,2.0,
0,111,2019-12-13 23:19,2.0,1.0,2.0,3.0,3.0,4.0,4.0,,,,,,,2019-12-13,2.0,2019-12-14 8:54,0.0,1.0,3.0,3.0,
0,111,2019-12-14 23:34,3.0,2.0,2.0,4.0,3.0,3.0,4.0,coffee,1.0,,,,,2019-12-14,2.0,2019-12-15 9:25,0.0,2.0,1.0,3.0,
0,111,2019-12-16 23:49,2.0,2.0,2.0,4.0,3.0,4.0,4.0,coffee,1.0,,,,,2019-12-16,2.0,2019-12-17 8:40,0.0,2.0,1.0,2.0,
0,111,2019-12-17 23:33,2.0,2.0,2.0,3.0,4.0,3.0,4.0,coffee,1.0,,,,,2019-12-17,2.0,2019-12-18 9:35,0.0,4.0,1.0,2.0,
0,111,2019-12-18 23:34,2.0,1.0,2.0,4.0,4.0,3.0,4.0,coffee,1.0,,,,,2019-12-18,4.0,2019-12-19 9:17,0.0,4.0,1.0,2.0,
0,112,2019-12-11 0:00,3.0,2.0,2.0,4.0,2.0,3.0,3.0,,,,,,,2019-12-11,4.0,2019-12-12 8:49,2.0,4.0,4.0,4.0,
0,112,2019-12-12 23:39,3.0,2.0,2.0,4.0,3.0,3.0,2.0,,,,,,,2019-12-12,2.0,2019-12-13 8:58,2.0,4.0,1.0,1.0,
0,112,2019-12-14 0:37,4.0,3.0,2.0,4.0,2.0,3.0,4.0,,,,,,,2019-12-14,3.0,2019-12-15 12:36,0.0,4.0,3.0,4.0,
0,112,2019-12-15 0:59,4.0,4.0,2.0,4.0,3.0,3.0,4.0,,,,,,,2019-12-15,3.0,2019-12-16 8:46,0.0,4.0,2.0,2.0,
0,112,2019-12-16 0:09,3.0,3.0,2.0,4.0,2.0,3.0,4.0,,,,,,,2019-12-16,1.0,2019-12-17 8:50,2.0,2.0,2.0,2.0,
0,112,2019-12-17 0:19,4.0,4.0,2.0,4.0,2.0,3.0,2.0,,,,,,,2019-12-17,4.0,2019-12-18 8:30,0.0,4.0,2.0,3.0,
0,112,2019-12-19 0:31,2.0,2.0,2.0,4.0,2.0,2.0,4.0,,,,,,,2019-12-19,4.0,2019-12-20 11:13,2.0,4.0,4.0,4.0,
0,112,2019-12-20 23:28,3.0,3.0,2.0,4.0,2.0,2.0,4.0,,,,,,,2019-12-20,2.0,2019-12-21 13:56,0.0,4.0,1.0,1.0,
0,112,2019-12-22 0:16,2.0,4.0,2.0,4.0,1.0,2.0,4.0,,,,,,,2019-12-22,3.0,2019-12-23 12:43,0.0,4.0,4.0,4.0,
0,112,2019-12-23 22:52,4.0,4.0,2.0,4.0,2.0,3.0,4.0,,,,,,,2019-12-23,4.0,2019-12-24 13:10,0.0,4.0,4.0,4.0,
0,112,2019-12-24 23:07,4.0,4.0,2.0,4.0,1.0,3.0,2.0,,,,,,,2019-12-24,4.0,2019-12-25 14:07,0.0,4.0,4.0,4.0,
0,112,2019-12-25 23:22,4.0,4.0,2.0,4.0,2.0,3.0,1.0,,,,,,,2019-12-25,3.0,2019-12-26 10:48,2.0,2.0,3.0,4.0,
0,113,2020-01-02 23:19,4.0,4.0,2.0,2.0,3.0,3.0,4.0,,,,,,,2020-01-02,3.0,2020-01-03 8:46,2.0,4.0,3.0,4.0,
0,113,2020-01-03 23:29,3.0,4.0,2.0,2.0,2.0,3.0,4.0,,,,,,,2020-01-03,4.0,2020-01-04 10:00,0.0,4.0,4.0,4.0,
0,113,2020-01-05 23:31,4.0,5.0,2.0,2.0,3.0,2.0,4.0,,,,,,,2020-01-05,4.0,2020-01-06 9:11,0.0,4.0,4.0,3.0,
0,113,2020-01-06 23:44,5.0,5.0,2.0,2.0,2.0,3.0,4.0,,,,,,,2020-01-06,4.0,2020-01-07 8:54,0.0,4.0,3.0,4.0,
0,113,2020-01-07 23:44,4.0,5.0,2.0,2.0,3.0,2.0,4.0,,,,,,,2020-01-07,3.0,2020-01-08 9:11,1.0,4.0,3.0,3.0,
0,113,2020-01-08 23:52,4.0,5.0,2.0,2.0,2.0,2.0,4.0,,,,,,,2020-01-08,4.0,2020-01-09 9:36,0.0,4.0,3.0,3.0,
0,113,2020-01-09 23:36,3.0,5.0,2.0,2.0,3.0,2.0,4.0,,,,,,,2020-01-09,4.0,2020-01-10 8:41,0.0,4.0,3.0,3.0,
0,113,2020-01-10 23:38,4.0,5.0,2.0,2.0,2.0,3.0,4.0,,,,,,,2020-01-10,3.0,2020-01-11 9:08,0.0,4.0,3.0,4.0,
0,113,2020-01-11 23:42,4.0,5.0,2.0,2.0,3.0,3.0,4.0,,,,,,,2020-01-11,3.0,2020-01-12 9:19,1.0,4.0,3.0,3.0,
0,113,2020-01-13 23:25,3.0,4.0,2.0,2.0,3.0,3.0,4.0,,,,,,,2020-01-13,3.0,2020-01-14 9:03,1.0,4.0,3.0,4.0,
0,113,2020-01-14 23:23,4.0,3.0,2.0,2.0,3.0,3.0,2.0,,,,,,,2020-01-14,4.0,2020-01-15 9:26,0.0,4.0,4.0,4.0,
0,113,2020-01-15 23:29,4.0,3.0,2.0,2.0,3.0,3.0,4.0,,,,,,,2020-01-15,4.0,2020-01-16 9:03,0.0,4.0,4.0,4.0,
0,113,2020-01-16 23:21,3.0,3.0,2.0,2.0,3.0,3.0,4.0,,,,,,,2020-01-16,4.0,2020-01-17 9:35,0.0,4.0,4.0,4.0,
0,113,2020-01-17 23:52,4.0,5.0,2.0,2.0,3.0,2.0,4.0,,,,,,,2020-01-17,4.0,2020-01-18 9:51,0.0,4.0,3.0,3.0,
0,113,2020-01-18 23:42,4.0,4.0,2.0,2.0,3.0,3.0,4.0,,,,,,,2020-01-18,4.0,2020-01-19 10:10,0.0,4.0,3.0,3.0,
0,114,2019-12-07 1:23,5.0,5.0,2.0,4.0,3.0,1.0,4.0,,,coffee,1.0,,,2019-12-07,4.0,2019-12-08 10:36,2.0,2.0,3.0,3.0,
0,114,2019-12-08 0:21,4.0,4.0,2.0,3.0,3.0,4.0,4.0,,,,,,,2019-12-08,4.0,2019-12-09 9:38,0.0,4.0,4.0,5.0,
0,114,2019-12-09 23:58,5.0,5.0,2.0,4.0,3.0,4.0,4.0,,,,,,,2019-12-09,5.0,2019-12-10 9:32,0.0,4.0,5.0,5.0,
0,114,2019-12-10 23:52,5.0,5.0,2.0,4.0,3.0,4.0,4.0,coffee,1.0,,,,,2019-12-10,3.0,2019-12-11 9:39,0.0,2.0,2.0,3.0,
0,114,2019-12-11 22:48,5.0,5.0,2.0,4.0,3.0,3.0,4.0,coffee,1.0,,,,,2019-12-11,4.0,2019-12-12 9:36,1.0,2.0,3.0,3.0,
0,114,2019-12-12 23:02,4.0,5.0,2.0,4.0,3.0,3.0,4.0,,,coffee,1.0,,,2019-12-12,4.0,2019-12-13 10:20,0.0,2.0,4.0,4.0,
0,114,2019-12-13 22:19,5.0,5.0,2.0,3.0,3.0,3.0,4.0,,,coffee,2.0,,,2019-12-13,3.0,2019-12-14 12:01,1.0,2.0,3.0,2.0,
0,114,2019-12-14 23:50,5.0,4.0,2.0,4.0,3.0,3.0,3.0,,,coffee,1.0,,,2019-12-14,3.0,2019-12-15 10:46,6.0,4.0,3.0,2.0,
0,114,2019-12-15 23:50,5.0,4.0,2.0,4.0,3.0,3.0,3.0,,,coffee,1.0,beer,1.0,2019-12-15,3.0,2019-12-16 9:32,9.0,2.0,4.0,3.0,
0,114,2019-12-16 23:56,3.0,2.0,2.0,4.0,3.0,4.0,3.0,,,,,,,2019-12-16,3.0,2019-12-17 9:50,0.0,2.0,3.0,3.0,
0,114,2019-12-17 23:41,2.0,2.0,2.0,4.0,3.0,3.0,4.0,coffee,1.0,,,,,2019-12-17,4.0,2019-12-18 11:25,0.0,2.0,3.0,4.0,
0,114,2019-12-19 23:44,5.0,5.0,2.0,3.0,3.0,3.0,3.0,,,,,soju,2.0,2019-12-19,2.0,2019-12-20 11:28,0.0,4.0,1.0,1.0,
0,114,2019-12-21 0:04,5.0,5.0,2.0,4.0,3.0,3.0,4.0,,,,,,,2019-12-21,4.0,2019-12-22 13:03,0.0,3.0,4.0,4.0,
0,115,2019-12-20 23:55,3.0,2.0,2.0,4.0,2.0,2.0,4.0,,,,,,,2019-12-20,4.0,2019-12-21 10:44,0.0,4.0,4.0,3.0,
0,115,2019-12-21 23:41,4.0,4.0,2.0,4.0,3.0,3.0,4.0,,,,,,,2019-12-21,3.0,2019-12-22 6:52,0.0,2.0,3.0,3.0,
0,115,2019-12-22 23:05,4.0,4.0,1.0,4.0,3.0,3.0,4.0,,,,,,,2019-12-22,2.0,2019-12-23 9:26,2.0,2.0,2.0,3.0,
0,115,2019-12-23 23:43,4.0,4.0,2.0,4.0,3.0,2.0,4.0,,,,,,,2019-12-23,2.0,2019-12-24 5:05,9.0,4.0,2.0,3.0,
0,115,2019-12-24 23:43,3.0,3.0,1.0,2.0,3.0,2.0,4.0,,,,,,,2019-12-24,4.0,2019-12-25 13:24,0.0,2.0,4.0,3.0,
0,115,2019-12-26 23:34,3.0,4.0,2.0,4.0,2.0,3.0,2.0,,,,,,,2019-12-26,3.0,2019-12-27 12:15,5.0,2.0,3.0,3.0,
0,115,2019-12-30 23:55,4.0,4.0,2.0,2.0,4.0,2.0,2.0,,,,,,,2019-12-30,2.0,2019-12-31 5:16,2.0,4.0,2.0,3.0,
0,115,2020-01-02 23:43,3.0,3.0,2.0,2.0,2.0,2.0,4.0,,,,,,,2020-01-02,3.0,2020-01-03 11:29,0.0,2.0,3.0,3.0,
0,115,2020-01-04 23:52,3.0,3.0,2.0,2.0,2.0,2.0,4.0,,,,,,,2020-01-04,3.0,2020-01-05 8:53,0.0,2.0,2.0,3.0,
0,115,2020-01-05 23:54,3.0,4.0,2.0,4.0,2.0,2.0,4.0,,,,,,,2020-01-05,3.0,2020-01-06 9:52,0.0,2.0,2.0,3.0,
0,116,2020-01-21 23:43,4.0,5.0,2.0,3.0,2.0,3.0,4.0,,,,,,,2020-01-21,4.0,2020-01-22 10:41,0.0,4.0,4.0,4.0,
0,116,2020-01-22 23:30,4.0,5.0,2.0,3.0,4.0,3.0,3.0,,,,,,,2020-01-22,4.0,2020-01-23 6:45,0.0,4.0,4.0,4.0,
0,116,2020-01-23 20:01,5.0,5.0,2.0,3.0,3.0,3.0,3.0,,,,,,,2020-01-23,4.0,2020-01-24 10:28,0.0,4.0,4.0,5.0,
0,116,2020-01-24 23:43,5.0,5.0,2.0,3.0,3.0,3.0,3.0,,,,,,,2020-01-24,5.0,2020-01-25 8:03,0.0,4.0,4.0,5.0,
0,116,2020-01-25 20:44,5.0,5.0,1.0,3.0,3.0,3.0,3.0,,,,,,,2020-01-25,4.0,2020-01-26 9:38,0.0,2.0,4.0,5.0,
0,116,2020-01-26 22:41,5.0,5.0,2.0,3.0,3.0,3.0,3.0,,,,,,,2020-01-26,5.0,2020-01-27 8:53,0.0,4.0,5.0,5.0,
0,116,2020-01-27 22:02,5.0,5.0,2.0,3.0,3.0,3.0,3.0,,,,,,,2020-01-27,5.0,2020-01-28 8:35,0.0,4.0,4.0,4.0,
0,116,2020-01-28 23:14,5.0,4.0,2.0,3.0,3.0,3.0,3.0,,,,,,,2020-01-28,4.0,2020-01-29 10:38,0.0,4.0,4.0,4.0,
0,116,2020-01-29 23:18,4.0,4.0,2.0,3.0,3.0,3.0,3.0,,,,,,,2020-01-29,3.0,2020-01-30 10:32,2.0,2.0,4.0,4.0,
0,116,2020-01-30 23:44,5.0,5.0,2.0,3.0,3.0,3.0,3.0,,,,,,,2020-01-30,4.0,2020-01-31 10:34,0.0,2.0,4.0,4.0,
0,116,2020-01-31 23:17,5.0,5.0,2.0,3.0,3.0,3.0,4.0,,,,,,,2020-01-31,4.0,2020-02-01 11:04,0.0,2.0,4.0,4.0,
0,116,2020-02-01 23:43,5.0,5.0,2.0,4.0,3.0,3.0,2.0,,,,,,,2020-02-01,2.0,2020-02-02 8:31,3.0,1.0,3.0,3.0,
0,116,2020-02-02 23:12,5.0,4.0,2.0,3.0,3.0,3.0,4.0,,,,,,,2020-02-02,4.0,2020-02-03 7:33,3.0,2.0,4.0,4.0,
0,116,2020-02-03 22:20,4.0,4.0,2.0,3.0,3.0,3.0,4.0,,,,,,,2020-02-03,4.0,2020-02-04 7:34,0.0,4.0,4.0,4.0,
0,116,2020-02-04 22:28,4.0,4.0,2.0,4.0,3.0,2.0,4.0,,,,,,,2020-02-04,4.0,2020-02-05 9:33,0.0,1.0,4.0,4.0,
0,117,2020-01-18 22:29,3.0,4.0,1.0,4.0,3.0,3.0,4.0,coffee,1.0,,,,,2020-01-18,4.0,2020-01-19 9:44,0.0,4.0,3.0,3.0,
0,117,2020-01-19 22:43,3.0,4.0,2.0,4.0,3.0,3.0,4.0,coffee,1.0,,,,,2020-01-19,5.0,2020-01-20 8:43,5.0,4.0,2.0,3.0,
0,117,2020-01-20 22:41,4.0,4.0,2.0,3.0,3.0,3.0,3.0,,,,,,,2020-01-20,3.0,2020-01-21 8:23,2.0,4.0,2.0,3.0,
0,117,2020-01-21 22:58,3.0,4.0,2.0,3.0,3.0,3.0,4.0,,,,,,,2020-01-21,4.0,2020-01-22 8:34,5.0,4.0,2.0,2.0,
0,117,2020-01-22 23:02,3.0,2.0,2.0,3.0,3.0,3.0,4.0,coffee,1.0,,,,,2020-01-22,5.0,2020-01-23 8:40,0.0,4.0,2.0,3.0,
0,117,2020-01-23 23:17,4.0,4.0,2.0,2.0,2.0,3.0,3.0,coffee,1.0,,,,,2020-01-23,2.0,2020-01-24 10:22,2.0,4.0,2.0,3.0,
0,117,2020-01-24 23:24,4.0,5.0,1.0,2.0,3.0,3.0,4.0,,,,,beer,1.0,2020-01-24,2.0,2020-01-25 7:39,0.0,4.0,1.0,2.0,
0,117,2020-01-25 23:11,4.0,5.0,1.0,2.0,2.0,2.0,3.0,,,,,,,2020-01-25,4.0,2020-01-26 10:12,2.0,4.0,2.0,3.0,
0,117,2020-01-26 22:35,2.0,2.0,1.0,3.0,3.0,3.0,2.0,,,,,wine,1.0,2020-01-26,3.0,2020-01-27 10:20,8.0,4.0,2.0,3.0,
0,117,2020-01-27 22:57,3.0,4.0,1.0,3.0,3.0,2.0,4.0,,,,,,,2020-01-27,3.0,2020-01-28 8:33,4.0,4.0,4.0,3.0,
0,117,2020-01-28 23:14,3.0,4.0,2.0,4.0,2.0,3.0,4.0,,,,,,,2020-01-28,2.0,2020-01-29 8:31,2.0,4.0,2.0,2.0,
0,117,2020-01-29 23:18,2.0,2.0,2.0,4.0,3.0,2.0,4.0,coffee,1.0,,,,,2020-01-29,3.0,2020-01-30 8:44,2.0,4.0,3.0,2.0,
0,117,2020-01-30 23:00,3.0,4.0,2.0,4.0,3.0,2.0,4.0,coffee,1.0,,,,,2020-01-30,1.0,2020-01-31 8:39,5.0,4.0,2.0,1.0,
0,117,2020-01-31 23:23,5.0,5.0,2.0,4.0,3.0,3.0,4.0,,,,,,,2020-01-31,2.0,2020-02-01 6:37,2.0,4.0,1.0,2.0,
0,117,2020-02-01 22:55,5.0,4.0,1.0,4.0,2.0,3.0,4.0,,,,,beer,1.0,2020-02-01,3.0,2020-02-02 10:38,0.0,4.0,3.0,3.0,
0,117,2020-02-02 22:57,4.0,4.0,1.0,4.0,2.0,3.0,4.0,,,,,,,2020-02-02,4.0,2020-02-03 7:33,0.0,4.0,2.0,4.0,
0,118,2020-01-27 21:51,4.0,3.0,2.0,3.0,3.0,3.0,4.0,,,coffee,2.0,,,2020-01-27,3.0,2020-01-28 5:05,2.0,4.0,3.0,2.0,
0,118,2020-01-28 23:15,4.0,2.0,2.0,3.0,3.0,3.0,4.0,,,coffee,1.0,beer,1.0,2020-01-28,4.0,2020-01-29 8:10,0.0,4.0,4.0,3.0,
0,118,2020-01-30 21:17,4.0,1.0,1.0,3.0,3.0,3.0,3.0,coffee,3.0,,,,,2020-01-30,3.0,2020-01-31 8:32,0.0,2.0,1.0,2.0,
0,118,2020-01-31 23:30,3.0,3.0,2.0,3.0,3.0,3.0,3.0,coffee,3.0,,,soju,1.0,2020-01-31,4.0,2020-02-01 9:13,0.0,4.0,3.0,3.0,
0,118,2020-02-01 23:06,4.0,4.0,2.0,3.0,3.0,3.0,4.0,,,coffee,1.0,,,2020-02-01,3.0,2020-02-02 9:13,0.0,4.0,3.0,3.0,
0,118,2020-02-02 21:07,4.0,4.0,2.0,3.0,3.0,3.0,3.0,coffee,1.0,coffee,1.0,,,2020-02-02,4.0,2020-02-03 8:09,0.0,4.0,4.0,3.0,2.0
0,118,2020-02-03 18:47,3.0,3.0,2.0,3.0,3.0,3.0,4.0,,,,,,,2020-02-03,4.0,2020-02-04 10:35,0.0,2.0,3.0,3.0,
0,118,2020-02-04 22:44,3.0,1.0,1.0,3.0,3.0,3.0,4.0,,,coffee,1.0,,,2020-02-04,4.0,2020-02-05 5:06,0.0,4.0,4.0,4.0,
0,118,2020-02-09 23:06,3.0,1.0,2.0,3.0,3.0,3.0,4.0,,,coffee,1.0,beer,1.0,2020-02-09,3.0,2020-02-10 6:31,9.0,2.0,3.0,2.0,
0,118,2020-02-10 22:44,2.0,1.0,2.0,3.0,3.0,3.0,4.0,,,coffee,1.0,beer,1.0,2020-02-10,2.0,2020-02-11 7:02,9.0,4.0,2.0,1.0,
0,118,2020-02-11 23:15,4.0,3.0,2.0,3.0,3.0,3.0,4.0,,,,,,,2020-02-11,2.0,2020-02-12 6:35,9.0,4.0,3.0,3.0,
0,118,2020-02-12 23:26,3.0,2.0,2.0,3.0,3.0,3.0,4.0,coffee,1.0,coffee,1.0,,,2020-02-12,4.0,2020-02-13 7:02,0.0,4.0,4.0,3.0,2.0
0,118,2020-02-13 21:35,3.0,3.0,2.0,3.0,3.0,3.0,4.0,,,coffee,1.0,,,2020-02-13,4.0,2020-02-14 6:39,0.0,2.0,4.0,3.0,
0,118,2020-02-14 22:05,4.0,3.0,2.0,3.0,3.0,3.0,4.0,,,,,beer,2.0,2020-02-14,2.0,2020-02-15 10:11,0.0,4.0,2.0,3.0,
0,118,2020-02-15 21:02,3.0,3.0,2.0,3.0,3.0,3.0,4.0,,,,,beer,1.0,2020-02-15,4.0,2020-02-16 6:37,0.0,4.0,4.0,3.0,
0,119,2020-01-22 21:08,4.0,4.0,2.0,3.0,3.0,3.0,4.0,,,,,,,2020-01-22,4.0,2020-01-23 8:23,0.0,4.0,4.0,4.0,
0,119,2020-01-23 21:11,5.0,5.0,2.0,3.0,3.0,3.0,3.0,coffee,1.0,,,,,2020-01-23,3.0,2020-01-24 7:11,3.0,4.0,4.0,4.0,
0,119,2020-01-24 20:55,4.0,4.0,2.0,3.0,3.0,3.0,3.0,,,,,,,2020-01-24,4.0,2020-01-25 8:23,0.0,4.0,4.0,4.0,
0,119,2020-01-25 21:44,4.0,4.0,2.0,3.0,3.0,3.0,4.0,,,,,,,2020-01-25,4.0,2020-01-26 7:37,0.0,4.0,4.0,4.0,
0,119,2020-01-26 20:56,5.0,4.0,2.0,3.0,3.0,3.0,4.0,,,,,,,2020-01-26,4.0,2020-01-27 7:39,0.0,4.0,5.0,5.0,
0,119,2020-01-27 21:57,5.0,4.0,2.0,3.0,3.0,3.0,4.0,,,,,,,2020-01-27,4.0,2020-01-28 7:45,0.0,4.0,4.0,4.0,
0,119,2020-01-28 21:19,3.0,4.0,2.0,3.0,3.0,3.0,4.0,,,,,,,2020-01-28,4.0,2020-01-29 8:00,0.0,4.0,4.0,4.0,
0,119,2020-01-29 22:56,4.0,4.0,2.0,3.0,3.0,3.0,4.0,,,,,,,2020-01-29,4.0,2020-01-30 7:36,0.0,4.0,5.0,5.0,
0,119,2020-01-31 22:01,4.0,5.0,2.0,3.0,3.0,3.0,4.0,,,,,,,2020-01-31,4.0,2020-02-01 7:40,0.0,4.0,5.0,4.0,
0,119,2020-02-01 21:05,4.0,4.0,2.0,3.0,3.0,3.0,4.0,,,,,,,2020-02-01,4.0,2020-02-02 7:28,0.0,4.0,4.0,4.0,
0,119,2020-02-02 20:00,4.0,4.0,2.0,3.0,3.0,3.0,4.0,,,,,,,2020-02-02,4.0,2020-02-03 8:21,0.0,4.0,5.0,4.0,
0,119,2020-02-03 21:45,4.0,4.0,2.0,3.0,3.0,3.0,4.0,,,,,,,2020-02-03,2.0,2020-02-04 5:13,2.0,4.0,4.0,2.0,
0,119,2020-02-04 20:55,4.0,4.0,2.0,3.0,3.0,3.0,4.0,,,,,,,2020-02-04,4.0,2020-02-05 8:00,0.0,4.0,4.0,4.0,
0,120,2020-01-18 1:03,4.0,4.0,2.0,4.0,1.0,4.0,2.0,,,,,,,2020-01-18,4.0,2020-01-19 10:05,0.0,2.0,3.0,3.0,
0,120,2020-01-19 1:02,4.0,4.0,2.0,4.0,2.0,2.0,2.0,,,,,,,2020-01-19,4.0,2020-01-20 11:04,9.0,4.0,2.0,3.0,
0,120,2020-01-20 2:45,3.0,3.0,2.0,4.0,2.0,3.0,2.0,,,,,,,2020-01-20,4.0,2020-01-21 11:29,0.0,4.0,2.0,3.0,
0,120,2020-01-21 23:49,3.0,5.0,2.0,4.0,3.0,2.0,4.0,,,,,,,2020-01-21,4.0,2020-01-22 11:32,0.0,4.0,2.0,3.0,
0,120,2020-01-22 23:58,3.0,4.0,2.0,4.0,1.0,4.0,2.0,,,,,,,2020-01-22,3.0,2020-01-23 9:49,9.0,2.0,2.0,3.0,
0,120,2020-01-23 23:57,4.0,5.0,2.0,2.0,3.0,3.0,4.0,,,,,soju,1.0,2020-01-23,4.0,2020-01-24 7:29,0.0,4.0,2.0,3.0,
0,120,2020-01-24 22:27,4.0,5.0,2.0,2.0,3.0,3.0,4.0,,,,,,,2020-01-24,4.0,2020-01-25 10:09,5.0,2.0,2.0,3.0,
0,120,2020-01-28 22:46,4.0,5.0,2.0,2.0,2.0,3.0,4.0,,,,,,,2020-01-28,4.0,2020-01-29 11:43,9.0,3.0,3.0,4.0,
0,120,2020-01-29 23:39,3.0,5.0,2.0,4.0,1.0,2.0,2.0,,,,,,,2020-01-29,3.0,2020-01-30 8:22,0.0,4.0,2.0,3.0,
0,120,2020-01-30 20:55,3.0,3.0,2.0,4.0,1.0,2.0,4.0,,,,,,,2020-01-30,4.0,2020-01-31 11:31,0.0,4.0,4.0,4.0,
0,120,2020-02-05 23:44,4.0,4.0,2.0,4.0,3.0,3.0,4.0,,,,,,,2020-02-05,4.0,2020-02-06 9:55,0.0,4.0,2.0,3.0,
0,120,2020-02-06 23:34,3.0,4.0,2.0,2.0,3.0,3.0,4.0,,,,,,,2020-02-06,4.0,2020-02-07 10:57,0.0,4.0,2.0,3.0,
0,120,2020-02-07 23:20,3.0,2.0,2.0,2.0,3.0,3.0,3.0,,,,,,,2020-02-07,4.0,2020-02-08 11:56,0.0,3.0,3.0,4.0,
0,120,2020-02-09 23:56,4.0,4.0,2.0,4.0,3.0,3.0,2.0,,,,,,,2020-02-09,4.0,2020-02-10 11:09,0.0,4.0,3.0,4.0,
0,120,2020-02-10 23:42,3.0,4.0,2.0,2.0,2.0,3.0,4.0,,,,,,,2020-02-10,3.0,2020-02-11 11:20,0.0,4.0,2.0,3.0,
0,120,2020-02-11 23:35,3.0,4.0,2.0,4.0,1.0,3.0,2.0,,,,,,,2020-02-11,3.0,2020-02-12 9:51,0.0,4.0,2.0,3.0,
0,120,2020-02-12 23:48,4.0,5.0,2.0,4.0,3.0,3.0,2.0,,,,,,,2020-02-12,3.0,2020-02-13 11:00,0.0,4.0,2.0,2.0,
